Senti,Video Name,Frame Path,Frame Senti,General Percentage,
0,1,/content/drive/MyDrive/work2/Final/Frames/1/1_frame_11.jpg,0,"(0, 15.0)",
0,1,/content/drive/MyDrive/work2/Final/Frames/1/1_frame_2.jpg,0,"(0, 15.0)",
0,1,/content/drive/MyDrive/work2/Final/Frames/1/1_frame_5.jpg,0,"(0, 15.0)",
0,1,/content/drive/MyDrive/work2/Final/Frames/1/1_frame_9.jpg,0,"(0, 15.0)",
0,1,/content/drive/MyDrive/work2/Final/Frames/1/1_frame_9.jpg,1,"(0, 15.0)",
0,1,/content/drive/MyDrive/work2/Final/Frames/1/1_frame_10.jpg,0,"(0, 15.0)",
0,1,/content/drive/MyDrive/work2/Final/Frames/1/1_frame_18.jpg,0,"(0, 15.0)",
1,2,/content/drive/MyDrive/work2/Final/Frames/2/2_frame_21.jpg,1,"(0, 52.17391304347826)",
1,2,/content/drive/MyDrive/work2/Final/Frames/2/2_frame_2.jpg,0,"(0, 52.17391304347826)",
1,2,/content/drive/MyDrive/work2/Final/Frames/2/2_frame_16.jpg,1,"(0, 52.17391304347826)",
1,2,/content/drive/MyDrive/work2/Final/Frames/2/2_frame_19.jpg,1,"(0, 52.17391304347826)",
2,3,/content/drive/MyDrive/work2/Final/Frames/3/3_frame_7.jpg,2,"(0, 96.42857142857143)",
2,3,/content/drive/MyDrive/work2/Final/Frames/3/3_frame_19.jpg,2,"(0, 96.42857142857143)",
2,3,/content/drive/MyDrive/work2/Final/Frames/3/3_frame_23.jpg,2,"(0, 96.42857142857143)",
2,3,/content/drive/MyDrive/work2/Final/Frames/3/3_frame_25.jpg,2,"(0, 96.42857142857143)",
2,3,/content/drive/MyDrive/work2/Final/Frames/3/3_frame_6.jpg,0,"(0, 96.42857142857143)",
2,3,/content/drive/MyDrive/work2/Final/Frames/3/3_frame_15.jpg,1,"(0, 96.42857142857143)",
2,3,/content/drive/MyDrive/work2/Final/Frames/3/3_frame_22.jpg,2,"(0, 96.42857142857143)",
1,4,/content/drive/MyDrive/work2/Final/Frames/4/4_frame_8.jpg,1,"(0, 100.0)",
1,4,/content/drive/MyDrive/work2/Final/Frames/4/4_frame_15.jpg,1,"(0, 100.0)",
1,4,/content/drive/MyDrive/work2/Final/Frames/4/4_frame_17.jpg,1,"(0, 100.0)",
2,5,/content/drive/MyDrive/work2/Final/Frames/5/5_frame_6.jpg,2,"(0, 65.51724137931035)",
2,5,/content/drive/MyDrive/work2/Final/Frames/5/5_frame_18.jpg,2,"(0, 65.51724137931035)",
2,5,/content/drive/MyDrive/work2/Final/Frames/5/5_frame_28.jpg,0,"(0, 65.51724137931035)",
2,5,/content/drive/MyDrive/work2/Final/Frames/5/5_frame_16.jpg,2,"(0, 65.51724137931035)",
2,5,/content/drive/MyDrive/work2/Final/Frames/5/5_frame_21.jpg,1,"(0, 65.51724137931035)",
2,5,/content/drive/MyDrive/work2/Final/Frames/5/5_frame_24.jpg,2,"(0, 65.51724137931035)",
1,6,/content/drive/MyDrive/work2/Final/Frames/6/6_frame_11.jpg,1,"(0, 71.42857142857143)",
1,6,/content/drive/MyDrive/work2/Final/Frames/6/6_frame_18.jpg,1,"(0, 71.42857142857143)",
1,6,/content/drive/MyDrive/work2/Final/Frames/6/6_frame_21.jpg,0,"(0, 71.42857142857143)",
1,7,/content/drive/MyDrive/work2/Final/Frames/7/7_frame_9.jpg,1,"(1, 40.0)",
1,7,/content/drive/MyDrive/work2/Final/Frames/7/7_frame_12.jpg,1,"(1, 40.0)",
1,7,/content/drive/MyDrive/work2/Final/Frames/7/7_frame_14.jpg,1,"(1, 40.0)",
2,8,/content/drive/MyDrive/work2/Final/Frames/8/8_frame_3.jpg,2,"(0, 79.54545454545455)",
2,8,/content/drive/MyDrive/work2/Final/Frames/8/8_frame_5.jpg,0,"(0, 79.54545454545455)",
2,8,/content/drive/MyDrive/work2/Final/Frames/8/8_frame_7.jpg,2,"(0, 79.54545454545455)",
2,8,/content/drive/MyDrive/work2/Final/Frames/8/8_frame_12.jpg,0,"(0, 79.54545454545455)",
2,8,/content/drive/MyDrive/work2/Final/Frames/8/8_frame_17.jpg,2,"(0, 79.54545454545455)",
2,8,/content/drive/MyDrive/work2/Final/Frames/8/8_frame_21.jpg,2,"(0, 79.54545454545455)",
2,8,/content/drive/MyDrive/work2/Final/Frames/8/8_frame_22.jpg,0,"(0, 79.54545454545455)",
2,8,/content/drive/MyDrive/work2/Final/Frames/8/8_frame_24.jpg,2,"(0, 79.54545454545455)",
2,8,/content/drive/MyDrive/work2/Final/Frames/8/8_frame_27.jpg,2,"(0, 79.54545454545455)",
2,8,/content/drive/MyDrive/work2/Final/Frames/8/8_frame_35.jpg,0,"(0, 79.54545454545455)",
2,8,/content/drive/MyDrive/work2/Final/Frames/8/8_frame_35.jpg,2,"(0, 79.54545454545455)",
2,8,/content/drive/MyDrive/work2/Final/Frames/8/8_frame_38.jpg,2,"(0, 79.54545454545455)",
2,8,/content/drive/MyDrive/work2/Final/Frames/8/8_frame_38.jpg,2,"(0, 79.54545454545455)",
2,8,/content/drive/MyDrive/work2/Final/Frames/8/8_frame_41.jpg,2,"(0, 79.54545454545455)",
2,8,/content/drive/MyDrive/work2/Final/Frames/8/8_frame_44.jpg,0,"(0, 79.54545454545455)",
2,8,/content/drive/MyDrive/work2/Final/Frames/8/8_frame_6.jpg,2,"(0, 79.54545454545455)",
2,8,/content/drive/MyDrive/work2/Final/Frames/8/8_frame_9.jpg,2,"(0, 79.54545454545455)",
2,8,/content/drive/MyDrive/work2/Final/Frames/8/8_frame_11.jpg,2,"(0, 79.54545454545455)",
1,9,/content/drive/MyDrive/work2/Final/Frames/9/9_frame_19.jpg,0,"(0, 81.08108108108108)",
1,9,/content/drive/MyDrive/work2/Final/Frames/9/9_frame_14.jpg,0,"(0, 81.08108108108108)",
1,9,/content/drive/MyDrive/work2/Final/Frames/9/9_frame_17.jpg,1,"(0, 81.08108108108108)",
1,9,/content/drive/MyDrive/work2/Final/Frames/9/9_frame_22.jpg,1,"(0, 81.08108108108108)",
1,9,/content/drive/MyDrive/work2/Final/Frames/9/9_frame_32.jpg,1,"(0, 81.08108108108108)",
1,9,/content/drive/MyDrive/work2/Final/Frames/9/9_frame_36.jpg,1,"(0, 81.08108108108108)",
1,10,/content/drive/MyDrive/work2/Final/Frames/10/10_frame_12.jpg,1,"(0, 91.30434782608695)",
1,10,/content/drive/MyDrive/work2/Final/Frames/10/10_frame_17.jpg,1,"(0, 91.30434782608695)",
1,10,/content/drive/MyDrive/work2/Final/Frames/10/10_frame_6.jpg,1,"(0, 91.30434782608695)",
1,10,/content/drive/MyDrive/work2/Final/Frames/10/10_frame_12.jpg,1,"(0, 91.30434782608695)",
1,10,/content/drive/MyDrive/work2/Final/Frames/10/10_frame_14.jpg,0,"(0, 91.30434782608695)",
1,10,/content/drive/MyDrive/work2/Final/Frames/10/10_frame_14.jpg,0,"(0, 91.30434782608695)",
1,10,/content/drive/MyDrive/work2/Final/Frames/10/10_frame_15.jpg,1,"(0, 91.30434782608695)",
1,10,/content/drive/MyDrive/work2/Final/Frames/10/10_frame_19.jpg,1,"(0, 91.30434782608695)",
2,11,/content/drive/MyDrive/work2/Final/Frames/11/11_frame_13.jpg,2,"(0, 89.1891891891892)",
2,11,/content/drive/MyDrive/work2/Final/Frames/11/11_frame_17.jpg,2,"(0, 89.1891891891892)",
2,11,/content/drive/MyDrive/work2/Final/Frames/11/11_frame_18.jpg,2,"(0, 89.1891891891892)",
2,11,/content/drive/MyDrive/work2/Final/Frames/11/11_frame_32.jpg,0,"(0, 89.1891891891892)",
2,11,/content/drive/MyDrive/work2/Final/Frames/11/11_frame_35.jpg,2,"(0, 89.1891891891892)",
2,11,/content/drive/MyDrive/work2/Final/Frames/11/11_frame_37.jpg,0,"(0, 89.1891891891892)",
2,11,/content/drive/MyDrive/work2/Final/Frames/11/11_frame_4.jpg,2,"(0, 89.1891891891892)",
2,11,/content/drive/MyDrive/work2/Final/Frames/11/11_frame_20.jpg,0,"(0, 89.1891891891892)",
2,11,/content/drive/MyDrive/work2/Final/Frames/11/11_frame_24.jpg,2,"(0, 89.1891891891892)",
2,11,/content/drive/MyDrive/work2/Final/Frames/11/11_frame_29.jpg,2,"(0, 89.1891891891892)",
2,12,/content/drive/MyDrive/work2/Final/Frames/12/12_frame_3.jpg,2,"(0, 90.0)",
2,12,/content/drive/MyDrive/work2/Final/Frames/12/12_frame_8.jpg,2,"(0, 90.0)",
2,12,/content/drive/MyDrive/work2/Final/Frames/12/12_frame_13.jpg,0,"(0, 90.0)",
2,12,/content/drive/MyDrive/work2/Final/Frames/12/12_frame_26.jpg,2,"(0, 90.0)",
2,12,/content/drive/MyDrive/work2/Final/Frames/12/12_frame_28.jpg,2,"(0, 90.0)",
2,12,/content/drive/MyDrive/work2/Final/Frames/12/12_frame_29.jpg,2,"(0, 90.0)",
2,12,/content/drive/MyDrive/work2/Final/Frames/12/12_frame_7.jpg,2,"(0, 90.0)",
2,12,/content/drive/MyDrive/work2/Final/Frames/12/12_frame_22.jpg,0,"(0, 90.0)",
2,12,/content/drive/MyDrive/work2/Final/Frames/12/12_frame_29.jpg,2,"(0, 90.0)",
1,13,/content/drive/MyDrive/work2/Final/Frames/13/13_frame_9.jpg,1,"(0, 36.36363636363637)",
1,13,/content/drive/MyDrive/work2/Final/Frames/13/13_frame_14.jpg,1,"(0, 36.36363636363637)",
1,13,/content/drive/MyDrive/work2/Final/Frames/13/13_frame_5.jpg,1,"(0, 36.36363636363637)",
1,13,/content/drive/MyDrive/work2/Final/Frames/13/13_frame_15.jpg,0,"(0, 36.36363636363637)",
1,13,/content/drive/MyDrive/work2/Final/Frames/13/13_frame_16.jpg,1,"(0, 36.36363636363637)",
1,13,/content/drive/MyDrive/work2/Final/Frames/13/13_frame_18.jpg,0,"(0, 36.36363636363637)",
1,13,/content/drive/MyDrive/work2/Final/Frames/13/13_frame_20.jpg,1,"(0, 36.36363636363637)",
2,14,/content/drive/MyDrive/work2/Final/Frames/14/14_frame_4.jpg,2,"(0, 60.86956521739131)",
2,14,/content/drive/MyDrive/work2/Final/Frames/14/14_frame_4.jpg,2,"(0, 60.86956521739131)",
2,14,/content/drive/MyDrive/work2/Final/Frames/14/14_frame_8.jpg,2,"(0, 60.86956521739131)",
2,14,/content/drive/MyDrive/work2/Final/Frames/14/14_frame_10.jpg,2,"(0, 60.86956521739131)",
2,15,/content/drive/MyDrive/work2/Final/Frames/15/15_frame_3.jpg,0,"(0, 81.25)",
2,15,/content/drive/MyDrive/work2/Final/Frames/15/15_frame_3.jpg,2,"(0, 81.25)",
2,15,/content/drive/MyDrive/work2/Final/Frames/15/15_frame_5.jpg,2,"(0, 81.25)",
2,15,/content/drive/MyDrive/work2/Final/Frames/15/15_frame_5.jpg,2,"(0, 81.25)",
2,15,/content/drive/MyDrive/work2/Final/Frames/15/15_frame_6.jpg,0,"(0, 81.25)",
2,15,/content/drive/MyDrive/work2/Final/Frames/15/15_frame_7.jpg,2,"(0, 81.25)",
2,16,/content/drive/MyDrive/work2/Final/Frames/16/16_frame_3.jpg,2,"(0, 72.22222222222221)",
2,16,/content/drive/MyDrive/work2/Final/Frames/16/16_frame_4.jpg,0,"(0, 72.22222222222221)",
2,16,/content/drive/MyDrive/work2/Final/Frames/16/16_frame_6.jpg,2,"(0, 72.22222222222221)",
2,16,/content/drive/MyDrive/work2/Final/Frames/16/16_frame_7.jpg,2,"(0, 72.22222222222221)",
2,16,/content/drive/MyDrive/work2/Final/Frames/16/16_frame_7.jpg,2,"(0, 72.22222222222221)",
2,16,/content/drive/MyDrive/work2/Final/Frames/16/16_frame_11.jpg,2,"(0, 72.22222222222221)",
2,16,/content/drive/MyDrive/work2/Final/Frames/16/16_frame_13.jpg,2,"(0, 72.22222222222221)",
2,16,/content/drive/MyDrive/work2/Final/Frames/16/16_frame_14.jpg,2,"(0, 72.22222222222221)",
2,16,/content/drive/MyDrive/work2/Final/Frames/16/16_frame_18.jpg,0,"(0, 72.22222222222221)",
1,17,/content/drive/MyDrive/work2/Final/Frames/17/17_frame_6.jpg,0,"(0, 65.38461538461539)",
1,17,/content/drive/MyDrive/work2/Final/Frames/17/17_frame_9.jpg,1,"(0, 65.38461538461539)",
1,17,/content/drive/MyDrive/work2/Final/Frames/17/17_frame_26.jpg,1,"(0, 65.38461538461539)",
0,18,/content/drive/MyDrive/work2/Final/Frames/18/18_frame_7.jpg,0,"(0, 52.63157894736842)",
0,18,/content/drive/MyDrive/work2/Final/Frames/18/18_frame_9.jpg,0,"(0, 52.63157894736842)",
0,18,/content/drive/MyDrive/work2/Final/Frames/18/18_frame_12.jpg,0,"(0, 52.63157894736842)",
0,18,/content/drive/MyDrive/work2/Final/Frames/18/18_frame_15.jpg,0,"(0, 52.63157894736842)",
0,18,/content/drive/MyDrive/work2/Final/Frames/18/18_frame_17.jpg,0,"(0, 52.63157894736842)",
0,18,/content/drive/MyDrive/work2/Final/Frames/18/18_frame_6.jpg,1,"(0, 52.63157894736842)",
2,19,/content/drive/MyDrive/work2/Final/Frames/19/19_frame_2.jpg,2,"(0, 40.74074074074074)",
2,19,/content/drive/MyDrive/work2/Final/Frames/19/19_frame_3.jpg,0,"(0, 40.74074074074074)",
2,19,/content/drive/MyDrive/work2/Final/Frames/19/19_frame_9.jpg,2,"(0, 40.74074074074074)",
2,19,/content/drive/MyDrive/work2/Final/Frames/19/19_frame_9.jpg,2,"(0, 40.74074074074074)",
2,19,/content/drive/MyDrive/work2/Final/Frames/19/19_frame_12.jpg,2,"(0, 40.74074074074074)",
2,19,/content/drive/MyDrive/work2/Final/Frames/19/19_frame_13.jpg,0,"(0, 40.74074074074074)",
2,19,/content/drive/MyDrive/work2/Final/Frames/19/19_frame_19.jpg,2,"(0, 40.74074074074074)",
2,19,/content/drive/MyDrive/work2/Final/Frames/19/19_frame_27.jpg,2,"(0, 40.74074074074074)",
2,19,/content/drive/MyDrive/work2/Final/Frames/19/19_frame_27.jpg,2,"(0, 40.74074074074074)",
1,20,/content/drive/MyDrive/work2/Final/Frames/20/20_frame_1.jpg,0,"(1, 77.77777777777779)",
1,20,/content/drive/MyDrive/work2/Final/Frames/20/20_frame_2.jpg,1,"(1, 77.77777777777779)",
1,20,/content/drive/MyDrive/work2/Final/Frames/20/20_frame_2.jpg,1,"(1, 77.77777777777779)",
1,20,/content/drive/MyDrive/work2/Final/Frames/20/20_frame_13.jpg,1,"(1, 77.77777777777779)",
1,20,/content/drive/MyDrive/work2/Final/Frames/20/20_frame_14.jpg,0,"(1, 77.77777777777779)",
1,20,/content/drive/MyDrive/work2/Final/Frames/20/20_frame_15.jpg,1,"(1, 77.77777777777779)",
1,20,/content/drive/MyDrive/work2/Final/Frames/20/20_frame_17.jpg,1,"(1, 77.77777777777779)",
1,20,/content/drive/MyDrive/work2/Final/Frames/20/20_frame_22.jpg,0,"(1, 77.77777777777779)",
1,20,/content/drive/MyDrive/work2/Final/Frames/20/20_frame_25.jpg,1,"(1, 77.77777777777779)",
2,21,/content/drive/MyDrive/work2/Final/Frames/21/21_frame_8.jpg,2,"(0, 96.42857142857143)",
2,21,/content/drive/MyDrive/work2/Final/Frames/21/21_frame_9.jpg,0,"(0, 96.42857142857143)",
2,21,/content/drive/MyDrive/work2/Final/Frames/21/21_frame_16.jpg,2,"(0, 96.42857142857143)",
2,21,/content/drive/MyDrive/work2/Final/Frames/21/21_frame_19.jpg,2,"(0, 96.42857142857143)",
2,21,/content/drive/MyDrive/work2/Final/Frames/21/21_frame_19.jpg,0,"(0, 96.42857142857143)",
2,21,/content/drive/MyDrive/work2/Final/Frames/21/21_frame_22.jpg,2,"(0, 96.42857142857143)",
2,21,/content/drive/MyDrive/work2/Final/Frames/21/21_frame_29.jpg,2,"(0, 96.42857142857143)",
2,21,/content/drive/MyDrive/work2/Final/Frames/21/21_frame_30.jpg,2,"(0, 96.42857142857143)",
2,21,/content/drive/MyDrive/work2/Final/Frames/21/21_frame_32.jpg,0,"(0, 96.42857142857143)",
2,21,/content/drive/MyDrive/work2/Final/Frames/21/21_frame_33.jpg,2,"(0, 96.42857142857143)",
2,21,/content/drive/MyDrive/work2/Final/Frames/21/21_frame_34.jpg,2,"(0, 96.42857142857143)",
2,21,/content/drive/MyDrive/work2/Final/Frames/21/21_frame_38.jpg,0,"(0, 96.42857142857143)",
2,21,/content/drive/MyDrive/work2/Final/Frames/21/21_frame_41.jpg,2,"(0, 96.42857142857143)",
2,21,/content/drive/MyDrive/work2/Final/Frames/21/21_frame_43.jpg,2,"(0, 96.42857142857143)",
2,21,/content/drive/MyDrive/work2/Final/Frames/21/21_frame_45.jpg,2,"(0, 96.42857142857143)",
2,21,/content/drive/MyDrive/work2/Final/Frames/21/21_frame_54.jpg,2,"(0, 96.42857142857143)",
2,21,/content/drive/MyDrive/work2/Final/Frames/21/21_frame_55.jpg,1,"(0, 96.42857142857143)",
2,21,/content/drive/MyDrive/work2/Final/Frames/21/21_frame_56.jpg,2,"(0, 96.42857142857143)",
2,21,/content/drive/MyDrive/work2/Final/Frames/21/21_frame_35.jpg,0,"(0, 96.42857142857143)",
1,22,/content/drive/MyDrive/work2/Final/Frames/22/22_frame_14.jpg,1,"(0, 100.0)",
1,22,/content/drive/MyDrive/work2/Final/Frames/22/22_frame_23.jpg,0,"(0, 100.0)",
1,22,/content/drive/MyDrive/work2/Final/Frames/22/22_frame_30.jpg,1,"(0, 100.0)",
1,22,/content/drive/MyDrive/work2/Final/Frames/22/22_frame_32.jpg,1,"(0, 100.0)",
1,22,/content/drive/MyDrive/work2/Final/Frames/22/22_frame_34.jpg,1,"(0, 100.0)",
1,22,/content/drive/MyDrive/work2/Final/Frames/22/22_frame_9.jpg,1,"(0, 100.0)",
1,22,/content/drive/MyDrive/work2/Final/Frames/22/22_frame_20.jpg,1,"(0, 100.0)",
1,22,/content/drive/MyDrive/work2/Final/Frames/22/22_frame_22.jpg,1,"(0, 100.0)",
0,23,/content/drive/MyDrive/work2/Final/Frames/23/23_frame_10.jpg,0,"(0, 97.72727272727273)",
0,23,/content/drive/MyDrive/work2/Final/Frames/23/23_frame_12.jpg,0,"(0, 97.72727272727273)",
0,23,/content/drive/MyDrive/work2/Final/Frames/23/23_frame_19.jpg,0,"(0, 97.72727272727273)",
0,23,/content/drive/MyDrive/work2/Final/Frames/23/23_frame_21.jpg,0,"(0, 97.72727272727273)",
0,23,/content/drive/MyDrive/work2/Final/Frames/23/23_frame_28.jpg,0,"(0, 97.72727272727273)",
0,23,/content/drive/MyDrive/work2/Final/Frames/23/23_frame_31.jpg,0,"(0, 97.72727272727273)",
0,23,/content/drive/MyDrive/work2/Final/Frames/23/23_frame_37.jpg,0,"(0, 97.72727272727273)",
0,23,/content/drive/MyDrive/work2/Final/Frames/23/23_frame_39.jpg,0,"(0, 97.72727272727273)",
0,23,/content/drive/MyDrive/work2/Final/Frames/23/23_frame_44.jpg,1,"(0, 97.72727272727273)",
0,23,/content/drive/MyDrive/work2/Final/Frames/23/23_frame_8.jpg,0,"(0, 97.72727272727273)",
0,23,/content/drive/MyDrive/work2/Final/Frames/23/23_frame_10.jpg,0,"(0, 97.72727272727273)",
0,23,/content/drive/MyDrive/work2/Final/Frames/23/23_frame_14.jpg,0,"(0, 97.72727272727273)",
0,23,/content/drive/MyDrive/work2/Final/Frames/23/23_frame_19.jpg,1,"(0, 97.72727272727273)",
0,23,/content/drive/MyDrive/work2/Final/Frames/23/23_frame_23.jpg,0,"(0, 97.72727272727273)",
0,23,/content/drive/MyDrive/work2/Final/Frames/23/23_frame_25.jpg,0,"(0, 97.72727272727273)",
0,23,/content/drive/MyDrive/work2/Final/Frames/23/23_frame_28.jpg,0,"(0, 97.72727272727273)",
0,23,/content/drive/MyDrive/work2/Final/Frames/23/23_frame_30.jpg,0,"(0, 97.72727272727273)",
0,23,/content/drive/MyDrive/work2/Final/Frames/23/23_frame_32.jpg,1,"(0, 97.72727272727273)",
0,23,/content/drive/MyDrive/work2/Final/Frames/23/23_frame_40.jpg,0,"(0, 97.72727272727273)",
2,24,/content/drive/MyDrive/work2/Final/Frames/24/24_frame_2.jpg,2,"(0, 89.74358974358975)",
2,24,/content/drive/MyDrive/work2/Final/Frames/24/24_frame_9.jpg,0,"(0, 89.74358974358975)",
2,24,/content/drive/MyDrive/work2/Final/Frames/24/24_frame_11.jpg,2,"(0, 89.74358974358975)",
2,24,/content/drive/MyDrive/work2/Final/Frames/24/24_frame_15.jpg,0,"(0, 89.74358974358975)",
2,24,/content/drive/MyDrive/work2/Final/Frames/24/24_frame_20.jpg,2,"(0, 89.74358974358975)",
2,24,/content/drive/MyDrive/work2/Final/Frames/24/24_frame_23.jpg,2,"(0, 89.74358974358975)",
2,24,/content/drive/MyDrive/work2/Final/Frames/24/24_frame_23.jpg,2,"(0, 89.74358974358975)",
2,24,/content/drive/MyDrive/work2/Final/Frames/24/24_frame_26.jpg,0,"(0, 89.74358974358975)",
2,24,/content/drive/MyDrive/work2/Final/Frames/24/24_frame_31.jpg,2,"(0, 89.74358974358975)",
2,24,/content/drive/MyDrive/work2/Final/Frames/24/24_frame_31.jpg,2,"(0, 89.74358974358975)",
2,24,/content/drive/MyDrive/work2/Final/Frames/24/24_frame_35.jpg,2,"(0, 89.74358974358975)",
2,24,/content/drive/MyDrive/work2/Final/Frames/24/24_frame_37.jpg,2,"(0, 89.74358974358975)",
0,25,/content/drive/MyDrive/work2/Final/Frames/25/25_frame_6.jpg,0,"(1, 81.81818181818183)",
0,25,/content/drive/MyDrive/work2/Final/Frames/25/25_frame_17.jpg,0,"(1, 81.81818181818183)",
0,25,/content/drive/MyDrive/work2/Final/Frames/25/25_frame_1.jpg,0,"(1, 81.81818181818183)",
0,25,/content/drive/MyDrive/work2/Final/Frames/25/25_frame_12.jpg,0,"(1, 81.81818181818183)",
1,26,/content/drive/MyDrive/work2/Final/Frames/26/26_frame_12.jpg,1,"(0, 83.33333333333334)",
1,26,/content/drive/MyDrive/work2/Final/Frames/26/26_frame_4.jpg,0,"(0, 83.33333333333334)",
1,26,/content/drive/MyDrive/work2/Final/Frames/26/26_frame_8.jpg,1,"(0, 83.33333333333334)",
1,26,/content/drive/MyDrive/work2/Final/Frames/26/26_frame_9.jpg,1,"(0, 83.33333333333334)",
1,26,/content/drive/MyDrive/work2/Final/Frames/26/26_frame_14.jpg,1,"(0, 83.33333333333334)",
1,26,/content/drive/MyDrive/work2/Final/Frames/26/26_frame_15.jpg,1,"(0, 83.33333333333334)",
1,26,/content/drive/MyDrive/work2/Final/Frames/26/26_frame_19.jpg,1,"(0, 83.33333333333334)",
1,26,/content/drive/MyDrive/work2/Final/Frames/26/26_frame_23.jpg,0,"(0, 83.33333333333334)",
1,26,/content/drive/MyDrive/work2/Final/Frames/26/26_frame_27.jpg,1,"(0, 83.33333333333334)",
0,27,/content/drive/MyDrive/work2/Final/Frames/27/27_frame_10.jpg,0,"(0, 79.41176470588235)",
0,27,/content/drive/MyDrive/work2/Final/Frames/27/27_frame_12.jpg,0,"(0, 79.41176470588235)",
0,27,/content/drive/MyDrive/work2/Final/Frames/27/27_frame_14.jpg,0,"(0, 79.41176470588235)",
0,27,/content/drive/MyDrive/work2/Final/Frames/27/27_frame_17.jpg,0,"(0, 79.41176470588235)",
0,27,/content/drive/MyDrive/work2/Final/Frames/27/27_frame_29.jpg,0,"(0, 79.41176470588235)",
0,27,/content/drive/MyDrive/work2/Final/Frames/27/27_frame_30.jpg,0,"(0, 79.41176470588235)",
0,27,/content/drive/MyDrive/work2/Final/Frames/27/27_frame_30.jpg,0,"(0, 79.41176470588235)",
0,27,/content/drive/MyDrive/work2/Final/Frames/27/27_frame_32.jpg,0,"(0, 79.41176470588235)",
0,27,/content/drive/MyDrive/work2/Final/Frames/27/27_frame_33.jpg,0,"(0, 79.41176470588235)",
0,27,/content/drive/MyDrive/work2/Final/Frames/27/27_frame_8.jpg,0,"(0, 79.41176470588235)",
0,27,/content/drive/MyDrive/work2/Final/Frames/27/27_frame_13.jpg,1,"(0, 79.41176470588235)",
0,27,/content/drive/MyDrive/work2/Final/Frames/27/27_frame_20.jpg,0,"(0, 79.41176470588235)",
1,28,/content/drive/MyDrive/work2/Final/Frames/28/28_frame_12.jpg,1,"(0, 78.57142857142857)",
1,28,/content/drive/MyDrive/work2/Final/Frames/28/28_frame_15.jpg,1,"(0, 78.57142857142857)",
1,28,/content/drive/MyDrive/work2/Final/Frames/28/28_frame_37.jpg,0,"(0, 78.57142857142857)",
1,28,/content/drive/MyDrive/work2/Final/Frames/28/28_frame_6.jpg,1,"(0, 78.57142857142857)",
1,28,/content/drive/MyDrive/work2/Final/Frames/28/28_frame_10.jpg,0,"(0, 78.57142857142857)",
1,28,/content/drive/MyDrive/work2/Final/Frames/28/28_frame_22.jpg,1,"(0, 78.57142857142857)",
1,28,/content/drive/MyDrive/work2/Final/Frames/28/28_frame_25.jpg,1,"(0, 78.57142857142857)",
1,28,/content/drive/MyDrive/work2/Final/Frames/28/28_frame_28.jpg,1,"(0, 78.57142857142857)",
1,28,/content/drive/MyDrive/work2/Final/Frames/28/28_frame_31.jpg,1,"(0, 78.57142857142857)",
1,28,/content/drive/MyDrive/work2/Final/Frames/28/28_frame_34.jpg,1,"(0, 78.57142857142857)",
1,28,/content/drive/MyDrive/work2/Final/Frames/28/28_frame_37.jpg,0,"(0, 78.57142857142857)",
1,28,/content/drive/MyDrive/work2/Final/Frames/28/28_frame_39.jpg,1,"(0, 78.57142857142857)",
1,28,/content/drive/MyDrive/work2/Final/Frames/28/28_frame_40.jpg,1,"(0, 78.57142857142857)",
2,29,/content/drive/MyDrive/work2/Final/Frames/29/29_frame_9.jpg,2,"(0, 85.29411764705883)",
2,29,/content/drive/MyDrive/work2/Final/Frames/29/29_frame_11.jpg,2,"(0, 85.29411764705883)",
2,29,/content/drive/MyDrive/work2/Final/Frames/29/29_frame_15.jpg,2,"(0, 85.29411764705883)",
2,29,/content/drive/MyDrive/work2/Final/Frames/29/29_frame_17.jpg,0,"(0, 85.29411764705883)",
2,29,/content/drive/MyDrive/work2/Final/Frames/29/29_frame_20.jpg,2,"(0, 85.29411764705883)",
2,29,/content/drive/MyDrive/work2/Final/Frames/29/29_frame_21.jpg,2,"(0, 85.29411764705883)",
2,29,/content/drive/MyDrive/work2/Final/Frames/29/29_frame_25.jpg,2,"(0, 85.29411764705883)",
2,29,/content/drive/MyDrive/work2/Final/Frames/29/29_frame_33.jpg,2,"(0, 85.29411764705883)",
0,30,/content/drive/MyDrive/work2/Final/Frames/30/30_frame_11.jpg,0,"(0, 42.857142857142854)",
0,30,/content/drive/MyDrive/work2/Final/Frames/30/30_frame_12.jpg,0,"(0, 42.857142857142854)",
0,30,/content/drive/MyDrive/work2/Final/Frames/30/30_frame_15.jpg,0,"(0, 42.857142857142854)",
0,30,/content/drive/MyDrive/work2/Final/Frames/30/30_frame_21.jpg,0,"(0, 42.857142857142854)",
0,30,/content/drive/MyDrive/work2/Final/Frames/30/30_frame_5.jpg,0,"(0, 42.857142857142854)",
0,30,/content/drive/MyDrive/work2/Final/Frames/30/30_frame_8.jpg,1,"(0, 42.857142857142854)",
0,30,/content/drive/MyDrive/work2/Final/Frames/30/30_frame_13.jpg,0,"(0, 42.857142857142854)",
0,30,/content/drive/MyDrive/work2/Final/Frames/30/30_frame_19.jpg,0,"(0, 42.857142857142854)",
1,31,/content/drive/MyDrive/work2/Final/Frames/31/31_frame_21.jpg,1,"(0, 66.66666666666666)",
1,31,/content/drive/MyDrive/work2/Final/Frames/31/31_frame_1.jpg,1,"(0, 66.66666666666666)",
1,31,/content/drive/MyDrive/work2/Final/Frames/31/31_frame_11.jpg,0,"(0, 66.66666666666666)",
1,31,/content/drive/MyDrive/work2/Final/Frames/31/31_frame_16.jpg,1,"(0, 66.66666666666666)",
1,32,/content/drive/MyDrive/work2/Final/Frames/32/32_frame_3.jpg,1,"(0, 66.66666666666666)",
1,32,/content/drive/MyDrive/work2/Final/Frames/32/32_frame_1.jpg,1,"(0, 66.66666666666666)",
1,32,/content/drive/MyDrive/work2/Final/Frames/32/32_frame_19.jpg,1,"(0, 66.66666666666666)",
2,33,/content/drive/MyDrive/work2/Final/Frames/33/33_frame_4.jpg,2,"(0, 76.92307692307693)",
2,33,/content/drive/MyDrive/work2/Final/Frames/33/33_frame_6.jpg,2,"(0, 76.92307692307693)",
2,33,/content/drive/MyDrive/work2/Final/Frames/33/33_frame_7.jpg,2,"(0, 76.92307692307693)",
2,33,/content/drive/MyDrive/work2/Final/Frames/33/33_frame_8.jpg,2,"(0, 76.92307692307693)",
2,33,/content/drive/MyDrive/work2/Final/Frames/33/33_frame_15.jpg,0,"(0, 76.92307692307693)",
2,33,/content/drive/MyDrive/work2/Final/Frames/33/33_frame_19.jpg,2,"(0, 76.92307692307693)",
2,33,/content/drive/MyDrive/work2/Final/Frames/33/33_frame_24.jpg,2,"(0, 76.92307692307693)",
2,33,/content/drive/MyDrive/work2/Final/Frames/33/33_frame_25.jpg,2,"(0, 76.92307692307693)",
2,33,/content/drive/MyDrive/work2/Final/Frames/33/33_frame_2.jpg,2,"(0, 76.92307692307693)",
2,34,/content/drive/MyDrive/work2/Final/Frames/34/34_frame_3.jpg,2,"(0, 90.47619047619048)",
2,34,/content/drive/MyDrive/work2/Final/Frames/34/34_frame_4.jpg,0,"(0, 90.47619047619048)",
2,34,/content/drive/MyDrive/work2/Final/Frames/34/34_frame_4.jpg,2,"(0, 90.47619047619048)",
2,34,/content/drive/MyDrive/work2/Final/Frames/34/34_frame_5.jpg,2,"(0, 90.47619047619048)",
2,34,/content/drive/MyDrive/work2/Final/Frames/34/34_frame_9.jpg,2,"(0, 90.47619047619048)",
2,34,/content/drive/MyDrive/work2/Final/Frames/34/34_frame_9.jpg,2,"(0, 90.47619047619048)",
2,34,/content/drive/MyDrive/work2/Final/Frames/34/34_frame_10.jpg,2,"(0, 90.47619047619048)",
2,34,/content/drive/MyDrive/work2/Final/Frames/34/34_frame_16.jpg,1,"(0, 90.47619047619048)",
2,34,/content/drive/MyDrive/work2/Final/Frames/34/34_frame_17.jpg,0,"(0, 90.47619047619048)",
2,34,/content/drive/MyDrive/work2/Final/Frames/34/34_frame_18.jpg,2,"(0, 90.47619047619048)",
2,34,/content/drive/MyDrive/work2/Final/Frames/34/34_frame_18.jpg,2,"(0, 90.47619047619048)",
2,34,/content/drive/MyDrive/work2/Final/Frames/34/34_frame_20.jpg,2,"(0, 90.47619047619048)",
1,35,/content/drive/MyDrive/work2/Final/Frames/35/35_frame_27.jpg,1,"(0, 90.0)",
1,35,/content/drive/MyDrive/work2/Final/Frames/35/35_frame_28.jpg,1,"(0, 90.0)",
1,35,/content/drive/MyDrive/work2/Final/Frames/35/35_frame_1.jpg,1,"(0, 90.0)",
1,35,/content/drive/MyDrive/work2/Final/Frames/35/35_frame_12.jpg,1,"(0, 90.0)",
1,35,/content/drive/MyDrive/work2/Final/Frames/35/35_frame_14.jpg,1,"(0, 90.0)",
1,35,/content/drive/MyDrive/work2/Final/Frames/35/35_frame_21.jpg,1,"(0, 90.0)",
1,36,/content/drive/MyDrive/work2/Final/Frames/36/36_frame_2.jpg,1,"(0, 100.0)",
1,36,/content/drive/MyDrive/work2/Final/Frames/36/36_frame_3.jpg,1,"(0, 100.0)",
1,36,/content/drive/MyDrive/work2/Final/Frames/36/36_frame_9.jpg,1,"(0, 100.0)",
1,36,/content/drive/MyDrive/work2/Final/Frames/36/36_frame_3.jpg,1,"(0, 100.0)",
1,36,/content/drive/MyDrive/work2/Final/Frames/36/36_frame_5.jpg,1,"(0, 100.0)",
1,36,/content/drive/MyDrive/work2/Final/Frames/36/36_frame_8.jpg,1,"(0, 100.0)",
1,36,/content/drive/MyDrive/work2/Final/Frames/36/36_frame_9.jpg,0,"(0, 100.0)",
1,37,/content/drive/MyDrive/work2/Final/Frames/37/37_frame_19.jpg,1,"(0, 62.06896551724138)",
1,37,/content/drive/MyDrive/work2/Final/Frames/37/37_frame_21.jpg,1,"(0, 62.06896551724138)",
1,37,/content/drive/MyDrive/work2/Final/Frames/37/37_frame_26.jpg,1,"(0, 62.06896551724138)",
1,37,/content/drive/MyDrive/work2/Final/Frames/37/37_frame_2.jpg,1,"(0, 62.06896551724138)",
1,37,/content/drive/MyDrive/work2/Final/Frames/37/37_frame_4.jpg,0,"(0, 62.06896551724138)",
1,37,/content/drive/MyDrive/work2/Final/Frames/37/37_frame_8.jpg,1,"(0, 62.06896551724138)",
1,37,/content/drive/MyDrive/work2/Final/Frames/37/37_frame_10.jpg,1,"(0, 62.06896551724138)",
1,37,/content/drive/MyDrive/work2/Final/Frames/37/37_frame_11.jpg,1,"(0, 62.06896551724138)",
1,37,/content/drive/MyDrive/work2/Final/Frames/37/37_frame_19.jpg,0,"(0, 62.06896551724138)",
1,37,/content/drive/MyDrive/work2/Final/Frames/37/37_frame_22.jpg,1,"(0, 62.06896551724138)",
1,37,/content/drive/MyDrive/work2/Final/Frames/37/37_frame_24.jpg,1,"(0, 62.06896551724138)",
1,37,/content/drive/MyDrive/work2/Final/Frames/37/37_frame_27.jpg,1,"(0, 62.06896551724138)",
1,37,/content/drive/MyDrive/work2/Final/Frames/37/37_frame_28.jpg,1,"(0, 62.06896551724138)",
1,38,/content/drive/MyDrive/work2/Final/Frames/38/38_frame_12.jpg,0,"(0, 78.57142857142857)",
1,38,/content/drive/MyDrive/work2/Final/Frames/38/38_frame_15.jpg,1,"(0, 78.57142857142857)",
1,38,/content/drive/MyDrive/work2/Final/Frames/38/38_frame_37.jpg,1,"(0, 78.57142857142857)",
1,38,/content/drive/MyDrive/work2/Final/Frames/38/38_frame_6.jpg,1,"(0, 78.57142857142857)",
1,38,/content/drive/MyDrive/work2/Final/Frames/38/38_frame_10.jpg,0,"(0, 78.57142857142857)",
1,38,/content/drive/MyDrive/work2/Final/Frames/38/38_frame_22.jpg,1,"(0, 78.57142857142857)",
1,38,/content/drive/MyDrive/work2/Final/Frames/38/38_frame_25.jpg,1,"(0, 78.57142857142857)",
1,38,/content/drive/MyDrive/work2/Final/Frames/38/38_frame_28.jpg,1,"(0, 78.57142857142857)",
1,38,/content/drive/MyDrive/work2/Final/Frames/38/38_frame_31.jpg,1,"(0, 78.57142857142857)",
1,38,/content/drive/MyDrive/work2/Final/Frames/38/38_frame_34.jpg,0,"(0, 78.57142857142857)",
1,38,/content/drive/MyDrive/work2/Final/Frames/38/38_frame_37.jpg,1,"(0, 78.57142857142857)",
1,38,/content/drive/MyDrive/work2/Final/Frames/38/38_frame_39.jpg,0,"(0, 78.57142857142857)",
1,38,/content/drive/MyDrive/work2/Final/Frames/38/38_frame_40.jpg,1,"(0, 78.57142857142857)",
0,39,/content/drive/MyDrive/work2/Final/Frames/39/39_frame_1.jpg,0,"(0, 48.837209302325576)",
0,39,/content/drive/MyDrive/work2/Final/Frames/39/39_frame_16.jpg,0,"(0, 48.837209302325576)",
0,39,/content/drive/MyDrive/work2/Final/Frames/39/39_frame_18.jpg,0,"(0, 48.837209302325576)",
0,39,/content/drive/MyDrive/work2/Final/Frames/39/39_frame_22.jpg,0,"(0, 48.837209302325576)",
0,39,/content/drive/MyDrive/work2/Final/Frames/39/39_frame_23.jpg,0,"(0, 48.837209302325576)",
0,39,/content/drive/MyDrive/work2/Final/Frames/39/39_frame_26.jpg,0,"(0, 48.837209302325576)",
0,39,/content/drive/MyDrive/work2/Final/Frames/39/39_frame_33.jpg,0,"(0, 48.837209302325576)",
0,39,/content/drive/MyDrive/work2/Final/Frames/39/39_frame_34.jpg,0,"(0, 48.837209302325576)",
0,39,/content/drive/MyDrive/work2/Final/Frames/39/39_frame_38.jpg,0,"(0, 48.837209302325576)",
0,39,/content/drive/MyDrive/work2/Final/Frames/39/39_frame_19.jpg,0,"(0, 48.837209302325576)",
0,39,/content/drive/MyDrive/work2/Final/Frames/39/39_frame_32.jpg,1,"(0, 48.837209302325576)",
0,39,/content/drive/MyDrive/work2/Final/Frames/39/39_frame_35.jpg,0,"(0, 48.837209302325576)",
0,39,/content/drive/MyDrive/work2/Final/Frames/39/39_frame_42.jpg,0,"(0, 48.837209302325576)",
2,40,/content/drive/MyDrive/work2/Final/Frames/40/40_frame_2.jpg,2,"(0, 52.5)",
2,40,/content/drive/MyDrive/work2/Final/Frames/40/40_frame_3.jpg,2,"(0, 52.5)",
2,40,/content/drive/MyDrive/work2/Final/Frames/40/40_frame_3.jpg,0,"(0, 52.5)",
2,40,/content/drive/MyDrive/work2/Final/Frames/40/40_frame_4.jpg,2,"(0, 52.5)",
2,40,/content/drive/MyDrive/work2/Final/Frames/40/40_frame_5.jpg,0,"(0, 52.5)",
2,40,/content/drive/MyDrive/work2/Final/Frames/40/40_frame_6.jpg,2,"(0, 52.5)",
2,40,/content/drive/MyDrive/work2/Final/Frames/40/40_frame_18.jpg,2,"(0, 52.5)",
2,40,/content/drive/MyDrive/work2/Final/Frames/40/40_frame_19.jpg,2,"(0, 52.5)",
2,40,/content/drive/MyDrive/work2/Final/Frames/40/40_frame_19.jpg,0,"(0, 52.5)",
2,40,/content/drive/MyDrive/work2/Final/Frames/40/40_frame_21.jpg,2,"(0, 52.5)",
2,40,/content/drive/MyDrive/work2/Final/Frames/40/40_frame_22.jpg,0,"(0, 52.5)",
2,40,/content/drive/MyDrive/work2/Final/Frames/40/40_frame_24.jpg,2,"(0, 52.5)",
2,40,/content/drive/MyDrive/work2/Final/Frames/40/40_frame_27.jpg,0,"(0, 52.5)",
2,40,/content/drive/MyDrive/work2/Final/Frames/40/40_frame_29.jpg,2,"(0, 52.5)",
2,40,/content/drive/MyDrive/work2/Final/Frames/40/40_frame_31.jpg,2,"(0, 52.5)",
2,40,/content/drive/MyDrive/work2/Final/Frames/40/40_frame_34.jpg,2,"(0, 52.5)",
2,40,/content/drive/MyDrive/work2/Final/Frames/40/40_frame_39.jpg,2,"(0, 52.5)",
1,41,/content/drive/MyDrive/work2/Final/Frames/41/41_frame_16.jpg,1,"(1, 77.77777777777779)",
1,41,/content/drive/MyDrive/work2/Final/Frames/41/41_frame_1.jpg,0,"(1, 77.77777777777779)",
1,41,/content/drive/MyDrive/work2/Final/Frames/41/41_frame_11.jpg,1,"(1, 77.77777777777779)",
1,41,/content/drive/MyDrive/work2/Final/Frames/41/41_frame_16.jpg,1,"(1, 77.77777777777779)",
1,41,/content/drive/MyDrive/work2/Final/Frames/41/41_frame_20.jpg,1,"(1, 77.77777777777779)",
1,41,/content/drive/MyDrive/work2/Final/Frames/41/41_frame_24.jpg,1,"(1, 77.77777777777779)",
1,41,/content/drive/MyDrive/work2/Final/Frames/41/41_frame_25.jpg,1,"(1, 77.77777777777779)",
2,42,/content/drive/MyDrive/work2/Final/Frames/42/42_frame_5.jpg,2,"(0, 66.66666666666666)",
2,42,/content/drive/MyDrive/work2/Final/Frames/42/42_frame_6.jpg,0,"(0, 66.66666666666666)",
2,42,/content/drive/MyDrive/work2/Final/Frames/42/42_frame_8.jpg,2,"(0, 66.66666666666666)",
2,42,/content/drive/MyDrive/work2/Final/Frames/42/42_frame_10.jpg,2,"(0, 66.66666666666666)",
2,42,/content/drive/MyDrive/work2/Final/Frames/42/42_frame_12.jpg,2,"(0, 66.66666666666666)",
2,42,/content/drive/MyDrive/work2/Final/Frames/42/42_frame_13.jpg,2,"(0, 66.66666666666666)",
2,42,/content/drive/MyDrive/work2/Final/Frames/42/42_frame_20.jpg,2,"(0, 66.66666666666666)",
2,42,/content/drive/MyDrive/work2/Final/Frames/42/42_frame_4.jpg,2,"(0, 66.66666666666666)",
2,42,/content/drive/MyDrive/work2/Final/Frames/42/42_frame_22.jpg,2,"(0, 66.66666666666666)",
1,43,/content/drive/MyDrive/work2/Final/Frames/43/43_frame_3.jpg,1,"(1, 73.07692307692307)",
1,43,/content/drive/MyDrive/work2/Final/Frames/43/43_frame_19.jpg,1,"(1, 73.07692307692307)",
1,43,/content/drive/MyDrive/work2/Final/Frames/43/43_frame_3.jpg,1,"(1, 73.07692307692307)",
1,43,/content/drive/MyDrive/work2/Final/Frames/43/43_frame_14.jpg,0,"(1, 73.07692307692307)",
1,43,/content/drive/MyDrive/work2/Final/Frames/43/43_frame_21.jpg,1,"(1, 73.07692307692307)",
1,43,/content/drive/MyDrive/work2/Final/Frames/43/43_frame_25.jpg,1,"(1, 73.07692307692307)",
1,44,/content/drive/MyDrive/work2/Final/Frames/44/44_frame_3.jpg,0,"(1, 73.07692307692307)",
1,44,/content/drive/MyDrive/work2/Final/Frames/44/44_frame_19.jpg,1,"(1, 73.07692307692307)",
1,44,/content/drive/MyDrive/work2/Final/Frames/44/44_frame_3.jpg,1,"(1, 73.07692307692307)",
1,44,/content/drive/MyDrive/work2/Final/Frames/44/44_frame_14.jpg,0,"(1, 73.07692307692307)",
1,44,/content/drive/MyDrive/work2/Final/Frames/44/44_frame_21.jpg,1,"(1, 73.07692307692307)",
1,44,/content/drive/MyDrive/work2/Final/Frames/44/44_frame_25.jpg,1,"(1, 73.07692307692307)",
1,45,/content/drive/MyDrive/work2/Final/Frames/45/45_frame_16.jpg,1,"(0, 57.14285714285714)",
1,45,/content/drive/MyDrive/work2/Final/Frames/45/45_frame_14.jpg,1,"(0, 57.14285714285714)",
1,46,/content/drive/MyDrive/work2/Final/Frames/46/46_frame_3.jpg,1,"(0, 68.75)",
1,46,/content/drive/MyDrive/work2/Final/Frames/46/46_frame_13.jpg,1,"(0, 68.75)",
1,46,/content/drive/MyDrive/work2/Final/Frames/46/46_frame_15.jpg,1,"(0, 68.75)",
1,47,/content/drive/MyDrive/work2/Final/Frames/47/47_frame_9.jpg,1,"(0, 56.00000000000001)",
1,47,/content/drive/MyDrive/work2/Final/Frames/47/47_frame_17.jpg,1,"(0, 56.00000000000001)",
1,48,/content/drive/MyDrive/work2/Final/Frames/48/48_frame_11.jpg,1,"(0, 82.35294117647058)",
2,49,/content/drive/MyDrive/work2/Final/Frames/49/49_frame_11.jpg,2,"(2, 36.666666666666664)",
2,49,/content/drive/MyDrive/work2/Final/Frames/49/49_frame_12.jpg,2,"(2, 36.666666666666664)",
2,49,/content/drive/MyDrive/work2/Final/Frames/49/49_frame_15.jpg,0,"(2, 36.666666666666664)",
2,49,/content/drive/MyDrive/work2/Final/Frames/49/49_frame_17.jpg,2,"(2, 36.666666666666664)",
2,49,/content/drive/MyDrive/work2/Final/Frames/49/49_frame_18.jpg,2,"(2, 36.666666666666664)",
2,49,/content/drive/MyDrive/work2/Final/Frames/49/49_frame_23.jpg,2,"(2, 36.666666666666664)",
2,49,/content/drive/MyDrive/work2/Final/Frames/49/49_frame_15.jpg,2,"(2, 36.666666666666664)",
2,49,/content/drive/MyDrive/work2/Final/Frames/49/49_frame_18.jpg,2,"(2, 36.666666666666664)",
2,49,/content/drive/MyDrive/work2/Final/Frames/49/49_frame_30.jpg,2,"(2, 36.666666666666664)",
1,50,/content/drive/MyDrive/work2/Final/Frames/50/50_frame_18.jpg,1,"(0, 25.0)",
1,50,/content/drive/MyDrive/work2/Final/Frames/50/50_frame_10.jpg,1,"(0, 25.0)",
1,50,/content/drive/MyDrive/work2/Final/Frames/50/50_frame_12.jpg,1,"(0, 25.0)",
1,50,/content/drive/MyDrive/work2/Final/Frames/50/50_frame_16.jpg,0,"(0, 25.0)",
2,51,/content/drive/MyDrive/work2/Final/Frames/51/51_frame_14.jpg,2,"(0, 53.84615384615385)",
2,51,/content/drive/MyDrive/work2/Final/Frames/51/51_frame_16.jpg,0,"(0, 53.84615384615385)",
2,51,/content/drive/MyDrive/work2/Final/Frames/51/51_frame_24.jpg,2,"(0, 53.84615384615385)",
2,51,/content/drive/MyDrive/work2/Final/Frames/51/51_frame_26.jpg,2,"(0, 53.84615384615385)",
2,51,/content/drive/MyDrive/work2/Final/Frames/51/51_frame_29.jpg,2,"(0, 53.84615384615385)",
2,51,/content/drive/MyDrive/work2/Final/Frames/51/51_frame_32.jpg,2,"(0, 53.84615384615385)",
2,51,/content/drive/MyDrive/work2/Final/Frames/51/51_frame_34.jpg,2,"(0, 53.84615384615385)",
2,51,/content/drive/MyDrive/work2/Final/Frames/51/51_frame_10.jpg,2,"(0, 53.84615384615385)",
1,52,/content/drive/MyDrive/work2/Final/Frames/52/52_frame_16.jpg,1,"(0, 35.0)",
1,52,/content/drive/MyDrive/work2/Final/Frames/52/52_frame_18.jpg,1,"(0, 35.0)",
1,52,/content/drive/MyDrive/work2/Final/Frames/52/52_frame_9.jpg,1,"(0, 35.0)",
1,52,/content/drive/MyDrive/work2/Final/Frames/52/52_frame_12.jpg,0,"(0, 35.0)",
2,53,/content/drive/MyDrive/work2/Final/Frames/53/53_frame_14.jpg,2,"(0, 44.73684210526316)",
2,53,/content/drive/MyDrive/work2/Final/Frames/53/53_frame_23.jpg,2,"(0, 44.73684210526316)",
2,53,/content/drive/MyDrive/work2/Final/Frames/53/53_frame_33.jpg,0,"(0, 44.73684210526316)",
2,53,/content/drive/MyDrive/work2/Final/Frames/53/53_frame_38.jpg,2,"(0, 44.73684210526316)",
2,53,/content/drive/MyDrive/work2/Final/Frames/53/53_frame_9.jpg,2,"(0, 44.73684210526316)",
2,53,/content/drive/MyDrive/work2/Final/Frames/53/53_frame_16.jpg,2,"(0, 44.73684210526316)",
2,53,/content/drive/MyDrive/work2/Final/Frames/53/53_frame_38.jpg,2,"(0, 44.73684210526316)",
0,54,/content/drive/MyDrive/work2/Final/Frames/54/54_frame_19.jpg,0,"(0, 38.23529411764706)",
0,54,/content/drive/MyDrive/work2/Final/Frames/54/54_frame_21.jpg,0,"(0, 38.23529411764706)",
0,54,/content/drive/MyDrive/work2/Final/Frames/54/54_frame_7.jpg,1,"(0, 38.23529411764706)",
0,54,/content/drive/MyDrive/work2/Final/Frames/54/54_frame_10.jpg,0,"(0, 38.23529411764706)",
0,55,/content/drive/MyDrive/work2/Final/Frames/55/55_frame_12.jpg,0,"(0, 92.85714285714286)",
0,55,/content/drive/MyDrive/work2/Final/Frames/55/55_frame_16.jpg,0,"(0, 92.85714285714286)",
0,55,/content/drive/MyDrive/work2/Final/Frames/55/55_frame_17.jpg,0,"(0, 92.85714285714286)",
0,55,/content/drive/MyDrive/work2/Final/Frames/55/55_frame_22.jpg,0,"(0, 92.85714285714286)",
0,55,/content/drive/MyDrive/work2/Final/Frames/55/55_frame_15.jpg,0,"(0, 92.85714285714286)",
0,55,/content/drive/MyDrive/work2/Final/Frames/55/55_frame_19.jpg,0,"(0, 92.85714285714286)",
2,56,/content/drive/MyDrive/work2/Final/Frames/56/56_frame_10.jpg,2,"(0, 95.65217391304348)",
2,56,/content/drive/MyDrive/work2/Final/Frames/56/56_frame_15.jpg,0,"(0, 95.65217391304348)",
2,56,/content/drive/MyDrive/work2/Final/Frames/56/56_frame_17.jpg,2,"(0, 95.65217391304348)",
2,56,/content/drive/MyDrive/work2/Final/Frames/56/56_frame_18.jpg,2,"(0, 95.65217391304348)",
2,56,/content/drive/MyDrive/work2/Final/Frames/56/56_frame_21.jpg,2,"(0, 95.65217391304348)",
2,56,/content/drive/MyDrive/work2/Final/Frames/56/56_frame_1.jpg,2,"(0, 95.65217391304348)",
2,56,/content/drive/MyDrive/work2/Final/Frames/56/56_frame_13.jpg,2,"(0, 95.65217391304348)",
1,57,/content/drive/MyDrive/work2/Final/Frames/57/57_frame_1.jpg,1,"(0, 60.0)",
1,57,/content/drive/MyDrive/work2/Final/Frames/57/57_frame_5.jpg,1,"(0, 60.0)",
1,57,/content/drive/MyDrive/work2/Final/Frames/57/57_frame_17.jpg,0,"(0, 60.0)",
1,57,/content/drive/MyDrive/work2/Final/Frames/57/57_frame_17.jpg,1,"(0, 60.0)",
1,57,/content/drive/MyDrive/work2/Final/Frames/57/57_frame_36.jpg,1,"(0, 60.0)",
1,57,/content/drive/MyDrive/work2/Final/Frames/57/57_frame_12.jpg,0,"(0, 60.0)",
1,57,/content/drive/MyDrive/work2/Final/Frames/57/57_frame_20.jpg,1,"(0, 60.0)",
1,57,/content/drive/MyDrive/work2/Final/Frames/57/57_frame_21.jpg,1,"(0, 60.0)",
1,57,/content/drive/MyDrive/work2/Final/Frames/57/57_frame_23.jpg,1,"(0, 60.0)",
1,57,/content/drive/MyDrive/work2/Final/Frames/57/57_frame_24.jpg,0,"(0, 60.0)",
1,57,/content/drive/MyDrive/work2/Final/Frames/57/57_frame_29.jpg,1,"(0, 60.0)",
1,57,/content/drive/MyDrive/work2/Final/Frames/57/57_frame_36.jpg,1,"(0, 60.0)",
1,57,/content/drive/MyDrive/work2/Final/Frames/57/57_frame_37.jpg,1,"(0, 60.0)",
1,57,/content/drive/MyDrive/work2/Final/Frames/57/57_frame_40.jpg,1,"(0, 60.0)",
1,57,/content/drive/MyDrive/work2/Final/Frames/57/57_frame_41.jpg,1,"(0, 60.0)",
1,57,/content/drive/MyDrive/work2/Final/Frames/57/57_frame_42.jpg,1,"(0, 60.0)",
0,58,/content/drive/MyDrive/work2/Final/Frames/58/58_frame_10.jpg,0,"(0, 96.15384615384616)",
0,58,/content/drive/MyDrive/work2/Final/Frames/58/58_frame_14.jpg,0,"(0, 96.15384615384616)",
0,58,/content/drive/MyDrive/work2/Final/Frames/58/58_frame_16.jpg,0,"(0, 96.15384615384616)",
0,58,/content/drive/MyDrive/work2/Final/Frames/58/58_frame_19.jpg,0,"(0, 96.15384615384616)",
0,58,/content/drive/MyDrive/work2/Final/Frames/58/58_frame_12.jpg,0,"(0, 96.15384615384616)",
0,58,/content/drive/MyDrive/work2/Final/Frames/58/58_frame_15.jpg,0,"(0, 96.15384615384616)",
0,58,/content/drive/MyDrive/work2/Final/Frames/58/58_frame_20.jpg,0,"(0, 96.15384615384616)",
0,58,/content/drive/MyDrive/work2/Final/Frames/58/58_frame_21.jpg,0,"(0, 96.15384615384616)",
2,59,/content/drive/MyDrive/work2/Final/Frames/59/59_frame_13.jpg,2,"(0, 100.0)",
2,59,/content/drive/MyDrive/work2/Final/Frames/59/59_frame_20.jpg,2,"(0, 100.0)",
2,59,/content/drive/MyDrive/work2/Final/Frames/59/59_frame_12.jpg,2,"(0, 100.0)",
2,59,/content/drive/MyDrive/work2/Final/Frames/59/59_frame_19.jpg,0,"(0, 100.0)",
2,60,/content/drive/MyDrive/work2/Final/Frames/60/60_frame_2.jpg,2,"(0, 96.15384615384616)",
2,60,/content/drive/MyDrive/work2/Final/Frames/60/60_frame_8.jpg,2,"(0, 96.15384615384616)",
2,60,/content/drive/MyDrive/work2/Final/Frames/60/60_frame_9.jpg,0,"(0, 96.15384615384616)",
2,60,/content/drive/MyDrive/work2/Final/Frames/60/60_frame_10.jpg,2,"(0, 96.15384615384616)",
2,60,/content/drive/MyDrive/work2/Final/Frames/60/60_frame_18.jpg,0,"(0, 96.15384615384616)",
2,60,/content/drive/MyDrive/work2/Final/Frames/60/60_frame_22.jpg,2,"(0, 96.15384615384616)",
2,60,/content/drive/MyDrive/work2/Final/Frames/60/60_frame_1.jpg,2,"(0, 96.15384615384616)",
2,60,/content/drive/MyDrive/work2/Final/Frames/60/60_frame_11.jpg,2,"(0, 96.15384615384616)",
2,61,/content/drive/MyDrive/work2/Final/Frames/61/61_frame_4.jpg,2,"(0, 95.83333333333334)",
2,61,/content/drive/MyDrive/work2/Final/Frames/61/61_frame_14.jpg,0,"(0, 95.83333333333334)",
2,61,/content/drive/MyDrive/work2/Final/Frames/61/61_frame_21.jpg,2,"(0, 95.83333333333334)",
1,62,/content/drive/MyDrive/work2/Final/Frames/62/62_frame_26.jpg,1,"(0, 96.55172413793103)",
1,63,/content/drive/MyDrive/work2/Final/Frames/63/63_frame_18.jpg,1,"(0, 100.0)",
1,63,/content/drive/MyDrive/work2/Final/Frames/63/63_frame_25.jpg,0,"(0, 100.0)",
1,63,/content/drive/MyDrive/work2/Final/Frames/63/63_frame_13.jpg,1,"(0, 100.0)",
0,64,/content/drive/MyDrive/work2/Final/Frames/64/64_frame_19.jpg,0,"(0, 60.60606060606061)",
0,64,/content/drive/MyDrive/work2/Final/Frames/64/64_frame_23.jpg,0,"(0, 60.60606060606061)",
0,64,/content/drive/MyDrive/work2/Final/Frames/64/64_frame_25.jpg,0,"(0, 60.60606060606061)",
0,64,/content/drive/MyDrive/work2/Final/Frames/64/64_frame_27.jpg,0,"(0, 60.60606060606061)",
0,64,/content/drive/MyDrive/work2/Final/Frames/64/64_frame_28.jpg,0,"(0, 60.60606060606061)",
0,64,/content/drive/MyDrive/work2/Final/Frames/64/64_frame_4.jpg,0,"(0, 60.60606060606061)",
0,64,/content/drive/MyDrive/work2/Final/Frames/64/64_frame_7.jpg,0,"(0, 60.60606060606061)",
0,64,/content/drive/MyDrive/work2/Final/Frames/64/64_frame_10.jpg,0,"(0, 60.60606060606061)",
0,64,/content/drive/MyDrive/work2/Final/Frames/64/64_frame_10.jpg,1,"(0, 60.60606060606061)",
0,64,/content/drive/MyDrive/work2/Final/Frames/64/64_frame_16.jpg,0,"(0, 60.60606060606061)",
0,64,/content/drive/MyDrive/work2/Final/Frames/64/64_frame_19.jpg,0,"(0, 60.60606060606061)",
2,65,/content/drive/MyDrive/work2/Final/Frames/65/65_frame_9.jpg,2,"(2, 52.94117647058824)",
2,65,/content/drive/MyDrive/work2/Final/Frames/65/65_frame_16.jpg,0,"(2, 52.94117647058824)",
2,65,/content/drive/MyDrive/work2/Final/Frames/65/65_frame_18.jpg,2,"(2, 52.94117647058824)",
2,65,/content/drive/MyDrive/work2/Final/Frames/65/65_frame_20.jpg,2,"(2, 52.94117647058824)",
2,65,/content/drive/MyDrive/work2/Final/Frames/65/65_frame_21.jpg,2,"(2, 52.94117647058824)",
2,65,/content/drive/MyDrive/work2/Final/Frames/65/65_frame_31.jpg,0,"(2, 52.94117647058824)",
2,65,/content/drive/MyDrive/work2/Final/Frames/65/65_frame_35.jpg,2,"(2, 52.94117647058824)",
2,65,/content/drive/MyDrive/work2/Final/Frames/65/65_frame_40.jpg,0,"(2, 52.94117647058824)",
2,65,/content/drive/MyDrive/work2/Final/Frames/65/65_frame_45.jpg,2,"(2, 52.94117647058824)",
2,65,/content/drive/MyDrive/work2/Final/Frames/65/65_frame_48.jpg,2,"(2, 52.94117647058824)",
2,65,/content/drive/MyDrive/work2/Final/Frames/65/65_frame_8.jpg,2,"(2, 52.94117647058824)",
2,65,/content/drive/MyDrive/work2/Final/Frames/65/65_frame_17.jpg,2,"(2, 52.94117647058824)",
2,65,/content/drive/MyDrive/work2/Final/Frames/65/65_frame_50.jpg,2,"(2, 52.94117647058824)",
1,66,/content/drive/MyDrive/work2/Final/Frames/66/66_frame_6.jpg,1,"(0, 60.0)",
1,66,/content/drive/MyDrive/work2/Final/Frames/66/66_frame_11.jpg,1,"(0, 60.0)",
1,66,/content/drive/MyDrive/work2/Final/Frames/66/66_frame_14.jpg,1,"(0, 60.0)",
1,66,/content/drive/MyDrive/work2/Final/Frames/66/66_frame_15.jpg,0,"(0, 60.0)",
1,66,/content/drive/MyDrive/work2/Final/Frames/66/66_frame_16.jpg,1,"(0, 60.0)",
1,66,/content/drive/MyDrive/work2/Final/Frames/66/66_frame_18.jpg,1,"(0, 60.0)",
1,66,/content/drive/MyDrive/work2/Final/Frames/66/66_frame_24.jpg,1,"(0, 60.0)",
1,66,/content/drive/MyDrive/work2/Final/Frames/66/66_frame_9.jpg,1,"(0, 60.0)",
1,66,/content/drive/MyDrive/work2/Final/Frames/66/66_frame_24.jpg,0,"(0, 60.0)",
2,67,/content/drive/MyDrive/work2/Final/Frames/67/67_frame_8.jpg,2,"(0, 53.191489361702125)",
2,67,/content/drive/MyDrive/work2/Final/Frames/67/67_frame_8.jpg,2,"(0, 53.191489361702125)",
2,67,/content/drive/MyDrive/work2/Final/Frames/67/67_frame_11.jpg,0,"(0, 53.191489361702125)",
2,67,/content/drive/MyDrive/work2/Final/Frames/67/67_frame_12.jpg,2,"(0, 53.191489361702125)",
2,67,/content/drive/MyDrive/work2/Final/Frames/67/67_frame_16.jpg,2,"(0, 53.191489361702125)",
2,67,/content/drive/MyDrive/work2/Final/Frames/67/67_frame_21.jpg,2,"(0, 53.191489361702125)",
2,67,/content/drive/MyDrive/work2/Final/Frames/67/67_frame_24.jpg,2,"(0, 53.191489361702125)",
2,67,/content/drive/MyDrive/work2/Final/Frames/67/67_frame_27.jpg,0,"(0, 53.191489361702125)",
2,67,/content/drive/MyDrive/work2/Final/Frames/67/67_frame_28.jpg,2,"(0, 53.191489361702125)",
2,67,/content/drive/MyDrive/work2/Final/Frames/67/67_frame_29.jpg,2,"(0, 53.191489361702125)",
2,67,/content/drive/MyDrive/work2/Final/Frames/67/67_frame_32.jpg,2,"(0, 53.191489361702125)",
2,67,/content/drive/MyDrive/work2/Final/Frames/67/67_frame_36.jpg,0,"(0, 53.191489361702125)",
2,67,/content/drive/MyDrive/work2/Final/Frames/67/67_frame_40.jpg,2,"(0, 53.191489361702125)",
2,67,/content/drive/MyDrive/work2/Final/Frames/67/67_frame_44.jpg,2,"(0, 53.191489361702125)",
2,67,/content/drive/MyDrive/work2/Final/Frames/67/67_frame_46.jpg,2,"(0, 53.191489361702125)",
2,67,/content/drive/MyDrive/work2/Final/Frames/67/67_frame_11.jpg,2,"(0, 53.191489361702125)",
1,68,/content/drive/MyDrive/work2/Final/Frames/68/68_frame_1.jpg,1,"(0, 100.0)",
1,68,/content/drive/MyDrive/work2/Final/Frames/68/68_frame_7.jpg,0,"(0, 100.0)",
1,68,/content/drive/MyDrive/work2/Final/Frames/68/68_frame_13.jpg,1,"(0, 100.0)",
1,68,/content/drive/MyDrive/work2/Final/Frames/68/68_frame_18.jpg,1,"(0, 100.0)",
1,68,/content/drive/MyDrive/work2/Final/Frames/68/68_frame_26.jpg,1,"(0, 100.0)",
1,68,/content/drive/MyDrive/work2/Final/Frames/68/68_frame_28.jpg,1,"(0, 100.0)",
1,68,/content/drive/MyDrive/work2/Final/Frames/68/68_frame_31.jpg,0,"(0, 100.0)",
1,68,/content/drive/MyDrive/work2/Final/Frames/68/68_frame_38.jpg,1,"(0, 100.0)",
1,68,/content/drive/MyDrive/work2/Final/Frames/68/68_frame_39.jpg,1,"(0, 100.0)",
1,68,/content/drive/MyDrive/work2/Final/Frames/68/68_frame_40.jpg,1,"(0, 100.0)",
1,68,/content/drive/MyDrive/work2/Final/Frames/68/68_frame_45.jpg,0,"(0, 100.0)",
2,69,/content/drive/MyDrive/work2/Final/Frames/69/69_frame_5.jpg,2,"(0, 57.49999999999999)",
2,69,/content/drive/MyDrive/work2/Final/Frames/69/69_frame_9.jpg,0,"(0, 57.49999999999999)",
2,69,/content/drive/MyDrive/work2/Final/Frames/69/69_frame_17.jpg,2,"(0, 57.49999999999999)",
2,69,/content/drive/MyDrive/work2/Final/Frames/69/69_frame_20.jpg,2,"(0, 57.49999999999999)",
2,69,/content/drive/MyDrive/work2/Final/Frames/69/69_frame_23.jpg,2,"(0, 57.49999999999999)",
2,69,/content/drive/MyDrive/work2/Final/Frames/69/69_frame_28.jpg,0,"(0, 57.49999999999999)",
2,69,/content/drive/MyDrive/work2/Final/Frames/69/69_frame_31.jpg,2,"(0, 57.49999999999999)",
2,69,/content/drive/MyDrive/work2/Final/Frames/69/69_frame_31.jpg,2,"(0, 57.49999999999999)",
2,69,/content/drive/MyDrive/work2/Final/Frames/69/69_frame_34.jpg,0,"(0, 57.49999999999999)",
2,69,/content/drive/MyDrive/work2/Final/Frames/69/69_frame_35.jpg,2,"(0, 57.49999999999999)",
2,69,/content/drive/MyDrive/work2/Final/Frames/69/69_frame_40.jpg,2,"(0, 57.49999999999999)",
2,69,/content/drive/MyDrive/work2/Final/Frames/69/69_frame_8.jpg,2,"(0, 57.49999999999999)",
2,69,/content/drive/MyDrive/work2/Final/Frames/69/69_frame_16.jpg,2,"(0, 57.49999999999999)",
1,70,/content/drive/MyDrive/work2/Final/Frames/70/70_frame_6.jpg,1,"(1, 55.55555555555556)",
1,70,/content/drive/MyDrive/work2/Final/Frames/70/70_frame_20.jpg,0,"(1, 55.55555555555556)",
1,70,/content/drive/MyDrive/work2/Final/Frames/70/70_frame_24.jpg,1,"(1, 55.55555555555556)",
1,70,/content/drive/MyDrive/work2/Final/Frames/70/70_frame_26.jpg,1,"(1, 55.55555555555556)",
1,70,/content/drive/MyDrive/work2/Final/Frames/70/70_frame_6.jpg,1,"(1, 55.55555555555556)",
1,70,/content/drive/MyDrive/work2/Final/Frames/70/70_frame_8.jpg,1,"(1, 55.55555555555556)",
1,70,/content/drive/MyDrive/work2/Final/Frames/70/70_frame_11.jpg,0,"(1, 55.55555555555556)",
2,71,/content/drive/MyDrive/work2/Final/Frames/71/71_frame_5.jpg,2,"(0, 53.48837209302325)",
2,71,/content/drive/MyDrive/work2/Final/Frames/71/71_frame_7.jpg,2,"(0, 53.48837209302325)",
2,71,/content/drive/MyDrive/work2/Final/Frames/71/71_frame_8.jpg,2,"(0, 53.48837209302325)",
2,71,/content/drive/MyDrive/work2/Final/Frames/71/71_frame_10.jpg,2,"(0, 53.48837209302325)",
2,71,/content/drive/MyDrive/work2/Final/Frames/71/71_frame_16.jpg,0,"(0, 53.48837209302325)",
2,71,/content/drive/MyDrive/work2/Final/Frames/71/71_frame_17.jpg,2,"(0, 53.48837209302325)",
2,71,/content/drive/MyDrive/work2/Final/Frames/71/71_frame_18.jpg,2,"(0, 53.48837209302325)",
2,71,/content/drive/MyDrive/work2/Final/Frames/71/71_frame_20.jpg,2,"(0, 53.48837209302325)",
2,71,/content/drive/MyDrive/work2/Final/Frames/71/71_frame_20.jpg,2,"(0, 53.48837209302325)",
2,71,/content/drive/MyDrive/work2/Final/Frames/71/71_frame_22.jpg,0,"(0, 53.48837209302325)",
2,71,/content/drive/MyDrive/work2/Final/Frames/71/71_frame_25.jpg,2,"(0, 53.48837209302325)",
2,71,/content/drive/MyDrive/work2/Final/Frames/71/71_frame_26.jpg,2,"(0, 53.48837209302325)",
2,71,/content/drive/MyDrive/work2/Final/Frames/71/71_frame_30.jpg,0,"(0, 53.48837209302325)",
2,71,/content/drive/MyDrive/work2/Final/Frames/71/71_frame_36.jpg,2,"(0, 53.48837209302325)",
2,71,/content/drive/MyDrive/work2/Final/Frames/71/71_frame_37.jpg,2,"(0, 53.48837209302325)",
2,71,/content/drive/MyDrive/work2/Final/Frames/71/71_frame_3.jpg,2,"(0, 53.48837209302325)",
2,71,/content/drive/MyDrive/work2/Final/Frames/71/71_frame_7.jpg,2,"(0, 53.48837209302325)",
2,71,/content/drive/MyDrive/work2/Final/Frames/71/71_frame_16.jpg,2,"(0, 53.48837209302325)",
2,71,/content/drive/MyDrive/work2/Final/Frames/71/71_frame_24.jpg,2,"(0, 53.48837209302325)",
2,71,/content/drive/MyDrive/work2/Final/Frames/71/71_frame_25.jpg,0,"(0, 53.48837209302325)",
2,71,/content/drive/MyDrive/work2/Final/Frames/71/71_frame_30.jpg,2,"(0, 53.48837209302325)",
2,71,/content/drive/MyDrive/work2/Final/Frames/71/71_frame_36.jpg,2,"(0, 53.48837209302325)",
1,72,/content/drive/MyDrive/work2/Final/Frames/72/72_frame_13.jpg,1,"(1, 50.0)",
1,72,/content/drive/MyDrive/work2/Final/Frames/72/72_frame_15.jpg,1,"(1, 50.0)",
1,72,/content/drive/MyDrive/work2/Final/Frames/72/72_frame_18.jpg,0,"(1, 50.0)",
1,72,/content/drive/MyDrive/work2/Final/Frames/72/72_frame_23.jpg,1,"(1, 50.0)",
1,72,/content/drive/MyDrive/work2/Final/Frames/72/72_frame_27.jpg,1,"(1, 50.0)",
1,72,/content/drive/MyDrive/work2/Final/Frames/72/72_frame_8.jpg,1,"(1, 50.0)",
1,72,/content/drive/MyDrive/work2/Final/Frames/72/72_frame_11.jpg,0,"(1, 50.0)",
1,72,/content/drive/MyDrive/work2/Final/Frames/72/72_frame_24.jpg,1,"(1, 50.0)",
1,72,/content/drive/MyDrive/work2/Final/Frames/72/72_frame_26.jpg,1,"(1, 50.0)",
1,72,/content/drive/MyDrive/work2/Final/Frames/72/72_frame_33.jpg,1,"(1, 50.0)",
2,73,/content/drive/MyDrive/work2/Final/Frames/73/73_frame_5.jpg,2,"(0, 57.77777777777777)",
2,73,/content/drive/MyDrive/work2/Final/Frames/73/73_frame_28.jpg,0,"(0, 57.77777777777777)",
2,73,/content/drive/MyDrive/work2/Final/Frames/73/73_frame_37.jpg,2,"(0, 57.77777777777777)",
2,73,/content/drive/MyDrive/work2/Final/Frames/73/73_frame_39.jpg,2,"(0, 57.77777777777777)",
2,73,/content/drive/MyDrive/work2/Final/Frames/73/73_frame_45.jpg,2,"(0, 57.77777777777777)",
2,73,/content/drive/MyDrive/work2/Final/Frames/73/73_frame_15.jpg,2,"(0, 57.77777777777777)",
2,73,/content/drive/MyDrive/work2/Final/Frames/73/73_frame_36.jpg,2,"(0, 57.77777777777777)",
2,73,/content/drive/MyDrive/work2/Final/Frames/73/73_frame_44.jpg,0,"(0, 57.77777777777777)",
1,74,/content/drive/MyDrive/work2/Final/Frames/74/74_frame_3.jpg,1,"(0, 100.0)",
1,74,/content/drive/MyDrive/work2/Final/Frames/74/74_frame_5.jpg,1,"(0, 100.0)",
1,74,/content/drive/MyDrive/work2/Final/Frames/74/74_frame_10.jpg,1,"(0, 100.0)",
1,74,/content/drive/MyDrive/work2/Final/Frames/74/74_frame_13.jpg,0,"(0, 100.0)",
2,75,/content/drive/MyDrive/work2/Final/Frames/75/75_frame_2.jpg,2,"(0, 100.0)",
2,75,/content/drive/MyDrive/work2/Final/Frames/75/75_frame_7.jpg,2,"(0, 100.0)",
2,75,/content/drive/MyDrive/work2/Final/Frames/75/75_frame_9.jpg,2,"(0, 100.0)",
2,75,/content/drive/MyDrive/work2/Final/Frames/75/75_frame_12.jpg,2,"(0, 100.0)",
2,75,/content/drive/MyDrive/work2/Final/Frames/75/75_frame_12.jpg,2,"(0, 100.0)",
1,76,/content/drive/MyDrive/work2/Final/Frames/76/76_frame_23.jpg,0,"(0, 100.0)",
1,76,/content/drive/MyDrive/work2/Final/Frames/76/76_frame_26.jpg,0,"(0, 100.0)",
1,76,/content/drive/MyDrive/work2/Final/Frames/76/76_frame_8.jpg,0,"(0, 100.0)",
1,76,/content/drive/MyDrive/work2/Final/Frames/76/76_frame_10.jpg,1,"(0, 100.0)",
1,76,/content/drive/MyDrive/work2/Final/Frames/76/76_frame_12.jpg,1,"(0, 100.0)",
1,76,/content/drive/MyDrive/work2/Final/Frames/76/76_frame_19.jpg,1,"(0, 100.0)",
1,77,/content/drive/MyDrive/work2/Final/Frames/77/77_frame_8.jpg,1,"(0, 96.42857142857143)",
1,77,/content/drive/MyDrive/work2/Final/Frames/77/77_frame_14.jpg,1,"(0, 96.42857142857143)",
1,77,/content/drive/MyDrive/work2/Final/Frames/77/77_frame_15.jpg,1,"(0, 96.42857142857143)",
1,77,/content/drive/MyDrive/work2/Final/Frames/77/77_frame_20.jpg,0,"(0, 96.42857142857143)",
1,77,/content/drive/MyDrive/work2/Final/Frames/77/77_frame_23.jpg,1,"(0, 96.42857142857143)",
1,77,/content/drive/MyDrive/work2/Final/Frames/77/77_frame_26.jpg,1,"(0, 96.42857142857143)",
1,78,/content/drive/MyDrive/work2/Final/Frames/78/78_frame_8.jpg,1,"(0, 96.42857142857143)",
1,78,/content/drive/MyDrive/work2/Final/Frames/78/78_frame_14.jpg,0,"(0, 96.42857142857143)",
1,78,/content/drive/MyDrive/work2/Final/Frames/78/78_frame_15.jpg,1,"(0, 96.42857142857143)",
1,78,/content/drive/MyDrive/work2/Final/Frames/78/78_frame_20.jpg,1,"(0, 96.42857142857143)",
1,78,/content/drive/MyDrive/work2/Final/Frames/78/78_frame_23.jpg,1,"(0, 96.42857142857143)",
1,78,/content/drive/MyDrive/work2/Final/Frames/78/78_frame_26.jpg,1,"(0, 96.42857142857143)",
1,79,/content/drive/MyDrive/work2/Final/Frames/79/79_frame_11.jpg,1,"(0, 41.66666666666667)",
1,79,/content/drive/MyDrive/work2/Final/Frames/79/79_frame_1.jpg,0,"(0, 41.66666666666667)",
1,79,/content/drive/MyDrive/work2/Final/Frames/79/79_frame_5.jpg,1,"(0, 41.66666666666667)",
1,79,/content/drive/MyDrive/work2/Final/Frames/79/79_frame_9.jpg,1,"(0, 41.66666666666667)",
1,79,/content/drive/MyDrive/work2/Final/Frames/79/79_frame_18.jpg,0,"(0, 41.66666666666667)",
1,79,/content/drive/MyDrive/work2/Final/Frames/79/79_frame_23.jpg,1,"(0, 41.66666666666667)",
2,80,/content/drive/MyDrive/work2/Final/Frames/80/80_frame_15.jpg,2,"(0, 93.75)",
2,80,/content/drive/MyDrive/work2/Final/Frames/80/80_frame_16.jpg,2,"(0, 93.75)",
2,80,/content/drive/MyDrive/work2/Final/Frames/80/80_frame_24.jpg,2,"(0, 93.75)",
2,80,/content/drive/MyDrive/work2/Final/Frames/80/80_frame_25.jpg,0,"(0, 93.75)",
2,80,/content/drive/MyDrive/work2/Final/Frames/80/80_frame_27.jpg,2,"(0, 93.75)",
2,80,/content/drive/MyDrive/work2/Final/Frames/80/80_frame_31.jpg,0,"(0, 93.75)",
2,80,/content/drive/MyDrive/work2/Final/Frames/80/80_frame_34.jpg,2,"(0, 93.75)",
2,80,/content/drive/MyDrive/work2/Final/Frames/80/80_frame_35.jpg,0,"(0, 93.75)",
2,80,/content/drive/MyDrive/work2/Final/Frames/80/80_frame_37.jpg,2,"(0, 93.75)",
2,80,/content/drive/MyDrive/work2/Final/Frames/80/80_frame_42.jpg,0,"(0, 93.75)",
2,80,/content/drive/MyDrive/work2/Final/Frames/80/80_frame_43.jpg,2,"(0, 93.75)",
2,80,/content/drive/MyDrive/work2/Final/Frames/80/80_frame_45.jpg,2,"(0, 93.75)",
2,80,/content/drive/MyDrive/work2/Final/Frames/80/80_frame_46.jpg,2,"(0, 93.75)",
2,80,/content/drive/MyDrive/work2/Final/Frames/80/80_frame_48.jpg,2,"(0, 93.75)",
2,80,/content/drive/MyDrive/work2/Final/Frames/80/80_frame_37.jpg,0,"(0, 93.75)",
2,80,/content/drive/MyDrive/work2/Final/Frames/80/80_frame_48.jpg,2,"(0, 93.75)",
2,81,/content/drive/MyDrive/work2/Final/Frames/81/81_frame_8.jpg,2,"(0, 91.30434782608695)",
2,81,/content/drive/MyDrive/work2/Final/Frames/81/81_frame_9.jpg,2,"(0, 91.30434782608695)",
2,81,/content/drive/MyDrive/work2/Final/Frames/81/81_frame_16.jpg,0,"(0, 91.30434782608695)",
2,81,/content/drive/MyDrive/work2/Final/Frames/81/81_frame_18.jpg,2,"(0, 91.30434782608695)",
2,81,/content/drive/MyDrive/work2/Final/Frames/81/81_frame_20.jpg,2,"(0, 91.30434782608695)",
2,81,/content/drive/MyDrive/work2/Final/Frames/81/81_frame_23.jpg,2,"(0, 91.30434782608695)",
2,81,/content/drive/MyDrive/work2/Final/Frames/81/81_frame_16.jpg,0,"(0, 91.30434782608695)",
1,82,/content/drive/MyDrive/work2/Final/Frames/82/82_frame_35.jpg,1,"(0, 100.0)",
1,82,/content/drive/MyDrive/work2/Final/Frames/82/82_frame_25.jpg,1,"(0, 100.0)",
1,82,/content/drive/MyDrive/work2/Final/Frames/82/82_frame_27.jpg,1,"(0, 100.0)",
2,83,/content/drive/MyDrive/work2/Final/Frames/83/83_frame_3.jpg,2,"(0, 100.0)",
2,83,/content/drive/MyDrive/work2/Final/Frames/83/83_frame_8.jpg,2,"(0, 100.0)",
2,83,/content/drive/MyDrive/work2/Final/Frames/83/83_frame_11.jpg,0,"(0, 100.0)",
2,83,/content/drive/MyDrive/work2/Final/Frames/83/83_frame_25.jpg,2,"(0, 100.0)",
2,83,/content/drive/MyDrive/work2/Final/Frames/83/83_frame_26.jpg,2,"(0, 100.0)",
2,83,/content/drive/MyDrive/work2/Final/Frames/83/83_frame_28.jpg,2,"(0, 100.0)",
2,83,/content/drive/MyDrive/work2/Final/Frames/83/83_frame_34.jpg,0,"(0, 100.0)",
2,83,/content/drive/MyDrive/work2/Final/Frames/83/83_frame_34.jpg,2,"(0, 100.0)",
2,83,/content/drive/MyDrive/work2/Final/Frames/83/83_frame_38.jpg,2,"(0, 100.0)",
2,83,/content/drive/MyDrive/work2/Final/Frames/83/83_frame_11.jpg,0,"(0, 100.0)",
2,83,/content/drive/MyDrive/work2/Final/Frames/83/83_frame_17.jpg,2,"(0, 100.0)",
2,83,/content/drive/MyDrive/work2/Final/Frames/83/83_frame_21.jpg,0,"(0, 100.0)",
1,84,/content/drive/MyDrive/work2/Final/Frames/84/84_frame_23.jpg,1,"(0, 68.0)",
1,84,/content/drive/MyDrive/work2/Final/Frames/84/84_frame_4.jpg,1,"(0, 68.0)",
1,84,/content/drive/MyDrive/work2/Final/Frames/84/84_frame_5.jpg,0,"(0, 68.0)",
1,84,/content/drive/MyDrive/work2/Final/Frames/84/84_frame_10.jpg,1,"(0, 68.0)",
1,84,/content/drive/MyDrive/work2/Final/Frames/84/84_frame_18.jpg,1,"(0, 68.0)",
2,85,/content/drive/MyDrive/work2/Final/Frames/85/85_frame_0.jpg,2,"(0, 52.38095238095239)",
2,85,/content/drive/MyDrive/work2/Final/Frames/85/85_frame_1.jpg,0,"(0, 52.38095238095239)",
2,85,/content/drive/MyDrive/work2/Final/Frames/85/85_frame_4.jpg,2,"(0, 52.38095238095239)",
2,85,/content/drive/MyDrive/work2/Final/Frames/85/85_frame_10.jpg,2,"(0, 52.38095238095239)",
2,85,/content/drive/MyDrive/work2/Final/Frames/85/85_frame_13.jpg,0,"(0, 52.38095238095239)",
2,85,/content/drive/MyDrive/work2/Final/Frames/85/85_frame_17.jpg,2,"(0, 52.38095238095239)",
2,85,/content/drive/MyDrive/work2/Final/Frames/85/85_frame_17.jpg,2,"(0, 52.38095238095239)",
2,85,/content/drive/MyDrive/work2/Final/Frames/85/85_frame_19.jpg,2,"(0, 52.38095238095239)",
2,86,/content/drive/MyDrive/work2/Final/Frames/86/86_frame_2.jpg,2,"(0, 89.47368421052632)",
2,86,/content/drive/MyDrive/work2/Final/Frames/86/86_frame_5.jpg,0,"(0, 89.47368421052632)",
2,86,/content/drive/MyDrive/work2/Final/Frames/86/86_frame_5.jpg,2,"(0, 89.47368421052632)",
2,86,/content/drive/MyDrive/work2/Final/Frames/86/86_frame_11.jpg,2,"(0, 89.47368421052632)",
2,86,/content/drive/MyDrive/work2/Final/Frames/86/86_frame_12.jpg,0,"(0, 89.47368421052632)",
2,86,/content/drive/MyDrive/work2/Final/Frames/86/86_frame_15.jpg,2,"(0, 89.47368421052632)",
2,86,/content/drive/MyDrive/work2/Final/Frames/86/86_frame_17.jpg,2,"(0, 89.47368421052632)",
2,86,/content/drive/MyDrive/work2/Final/Frames/86/86_frame_5.jpg,2,"(0, 89.47368421052632)",
2,86,/content/drive/MyDrive/work2/Final/Frames/86/86_frame_9.jpg,2,"(0, 89.47368421052632)",
1,87,/content/drive/MyDrive/work2/Final/Frames/87/87_frame_6.jpg,1,"(0, 100.0)",
1,87,/content/drive/MyDrive/work2/Final/Frames/87/87_frame_9.jpg,0,"(0, 100.0)",
1,87,/content/drive/MyDrive/work2/Final/Frames/87/87_frame_14.jpg,1,"(0, 100.0)",
1,87,/content/drive/MyDrive/work2/Final/Frames/87/87_frame_20.jpg,1,"(0, 100.0)",
1,87,/content/drive/MyDrive/work2/Final/Frames/87/87_frame_5.jpg,0,"(0, 100.0)",
1,87,/content/drive/MyDrive/work2/Final/Frames/87/87_frame_8.jpg,1,"(0, 100.0)",
1,87,/content/drive/MyDrive/work2/Final/Frames/87/87_frame_14.jpg,1,"(0, 100.0)",
1,87,/content/drive/MyDrive/work2/Final/Frames/87/87_frame_14.jpg,1,"(0, 100.0)",
1,88,/content/drive/MyDrive/work2/Final/Frames/88/88_frame_2.jpg,1,"(0, 90.0)",
1,88,/content/drive/MyDrive/work2/Final/Frames/88/88_frame_11.jpg,1,"(0, 90.0)",
1,88,/content/drive/MyDrive/work2/Final/Frames/88/88_frame_12.jpg,0,"(0, 90.0)",
1,88,/content/drive/MyDrive/work2/Final/Frames/88/88_frame_2.jpg,1,"(0, 90.0)",
1,88,/content/drive/MyDrive/work2/Final/Frames/88/88_frame_6.jpg,1,"(0, 90.0)",
1,88,/content/drive/MyDrive/work2/Final/Frames/88/88_frame_6.jpg,0,"(0, 90.0)",
1,88,/content/drive/MyDrive/work2/Final/Frames/88/88_frame_16.jpg,1,"(0, 90.0)",
1,88,/content/drive/MyDrive/work2/Final/Frames/88/88_frame_26.jpg,1,"(0, 90.0)",
1,88,/content/drive/MyDrive/work2/Final/Frames/88/88_frame_29.jpg,0,"(0, 90.0)",
2,89,/content/drive/MyDrive/work2/Final/Frames/89/89_frame_1.jpg,2,"(0, 65.38461538461539)",
2,89,/content/drive/MyDrive/work2/Final/Frames/89/89_frame_2.jpg,2,"(0, 65.38461538461539)",
2,89,/content/drive/MyDrive/work2/Final/Frames/89/89_frame_8.jpg,0,"(0, 65.38461538461539)",
2,89,/content/drive/MyDrive/work2/Final/Frames/89/89_frame_10.jpg,2,"(0, 65.38461538461539)",
2,89,/content/drive/MyDrive/work2/Final/Frames/89/89_frame_17.jpg,2,"(0, 65.38461538461539)",
2,89,/content/drive/MyDrive/work2/Final/Frames/89/89_frame_21.jpg,2,"(0, 65.38461538461539)",
2,89,/content/drive/MyDrive/work2/Final/Frames/89/89_frame_8.jpg,0,"(0, 65.38461538461539)",
2,89,/content/drive/MyDrive/work2/Final/Frames/89/89_frame_16.jpg,2,"(0, 65.38461538461539)",
2,89,/content/drive/MyDrive/work2/Final/Frames/89/89_frame_20.jpg,0,"(0, 65.38461538461539)",
2,89,/content/drive/MyDrive/work2/Final/Frames/89/89_frame_23.jpg,2,"(0, 65.38461538461539)",
2,89,/content/drive/MyDrive/work2/Final/Frames/89/89_frame_26.jpg,2,"(0, 65.38461538461539)",
1,90,/content/drive/MyDrive/work2/Final/Frames/90/90_frame_5.jpg,1,"(0, 75.0)",
1,90,/content/drive/MyDrive/work2/Final/Frames/90/90_frame_9.jpg,0,"(0, 75.0)",
1,90,/content/drive/MyDrive/work2/Final/Frames/90/90_frame_11.jpg,1,"(0, 75.0)",
1,90,/content/drive/MyDrive/work2/Final/Frames/90/90_frame_12.jpg,0,"(0, 75.0)",
1,90,/content/drive/MyDrive/work2/Final/Frames/90/90_frame_16.jpg,1,"(0, 75.0)",
1,90,/content/drive/MyDrive/work2/Final/Frames/90/90_frame_19.jpg,1,"(0, 75.0)",
1,90,/content/drive/MyDrive/work2/Final/Frames/90/90_frame_23.jpg,1,"(0, 75.0)",
1,91,/content/drive/MyDrive/work2/Final/Frames/91/91_frame_1.jpg,1,"(0, 100.0)",
1,91,/content/drive/MyDrive/work2/Final/Frames/91/91_frame_9.jpg,0,"(0, 100.0)",
1,91,/content/drive/MyDrive/work2/Final/Frames/91/91_frame_11.jpg,1,"(0, 100.0)",
1,91,/content/drive/MyDrive/work2/Final/Frames/91/91_frame_11.jpg,1,"(0, 100.0)",
1,91,/content/drive/MyDrive/work2/Final/Frames/91/91_frame_12.jpg,1,"(0, 100.0)",
1,91,/content/drive/MyDrive/work2/Final/Frames/91/91_frame_18.jpg,1,"(0, 100.0)",
1,91,/content/drive/MyDrive/work2/Final/Frames/91/91_frame_19.jpg,1,"(0, 100.0)",
1,91,/content/drive/MyDrive/work2/Final/Frames/91/91_frame_19.jpg,0,"(0, 100.0)",
1,92,/content/drive/MyDrive/work2/Final/Frames/92/92_frame_3.jpg,1,"(0, 94.44444444444444)",
1,92,/content/drive/MyDrive/work2/Final/Frames/92/92_frame_4.jpg,0,"(0, 94.44444444444444)",
1,92,/content/drive/MyDrive/work2/Final/Frames/92/92_frame_6.jpg,1,"(0, 94.44444444444444)",
1,92,/content/drive/MyDrive/work2/Final/Frames/92/92_frame_7.jpg,1,"(0, 94.44444444444444)",
1,92,/content/drive/MyDrive/work2/Final/Frames/92/92_frame_10.jpg,1,"(0, 94.44444444444444)",
1,92,/content/drive/MyDrive/work2/Final/Frames/92/92_frame_15.jpg,0,"(0, 94.44444444444444)",
1,92,/content/drive/MyDrive/work2/Final/Frames/92/92_frame_17.jpg,1,"(0, 94.44444444444444)",
2,93,/content/drive/MyDrive/work2/Final/Frames/93/93_frame_7.jpg,2,"(0, 78.26086956521739)",
2,93,/content/drive/MyDrive/work2/Final/Frames/93/93_frame_10.jpg,0,"(0, 78.26086956521739)",
2,93,/content/drive/MyDrive/work2/Final/Frames/93/93_frame_12.jpg,2,"(0, 78.26086956521739)",
2,93,/content/drive/MyDrive/work2/Final/Frames/93/93_frame_14.jpg,2,"(0, 78.26086956521739)",
2,93,/content/drive/MyDrive/work2/Final/Frames/93/93_frame_17.jpg,2,"(0, 78.26086956521739)",
2,93,/content/drive/MyDrive/work2/Final/Frames/93/93_frame_20.jpg,2,"(0, 78.26086956521739)",
2,93,/content/drive/MyDrive/work2/Final/Frames/93/93_frame_22.jpg,2,"(0, 78.26086956521739)",
2,93,/content/drive/MyDrive/work2/Final/Frames/93/93_frame_23.jpg,0,"(0, 78.26086956521739)",
2,93,/content/drive/MyDrive/work2/Final/Frames/93/93_frame_6.jpg,2,"(0, 78.26086956521739)",
2,93,/content/drive/MyDrive/work2/Final/Frames/93/93_frame_6.jpg,2,"(0, 78.26086956521739)",
2,93,/content/drive/MyDrive/work2/Final/Frames/93/93_frame_7.jpg,0,"(0, 78.26086956521739)",
2,93,/content/drive/MyDrive/work2/Final/Frames/93/93_frame_9.jpg,2,"(0, 78.26086956521739)",
2,93,/content/drive/MyDrive/work2/Final/Frames/93/93_frame_15.jpg,2,"(0, 78.26086956521739)",
2,93,/content/drive/MyDrive/work2/Final/Frames/93/93_frame_16.jpg,0,"(0, 78.26086956521739)",
2,94,/content/drive/MyDrive/work2/Final/Frames/94/94_frame_10.jpg,2,"(0, 90.0)",
2,94,/content/drive/MyDrive/work2/Final/Frames/94/94_frame_11.jpg,2,"(0, 90.0)",
2,94,/content/drive/MyDrive/work2/Final/Frames/94/94_frame_12.jpg,0,"(0, 90.0)",
2,94,/content/drive/MyDrive/work2/Final/Frames/94/94_frame_14.jpg,2,"(0, 90.0)",
2,94,/content/drive/MyDrive/work2/Final/Frames/94/94_frame_15.jpg,2,"(0, 90.0)",
2,94,/content/drive/MyDrive/work2/Final/Frames/94/94_frame_16.jpg,2,"(0, 90.0)",
2,94,/content/drive/MyDrive/work2/Final/Frames/94/94_frame_18.jpg,0,"(0, 90.0)",
2,94,/content/drive/MyDrive/work2/Final/Frames/94/94_frame_3.jpg,2,"(0, 90.0)",
2,94,/content/drive/MyDrive/work2/Final/Frames/94/94_frame_3.jpg,2,"(0, 90.0)",
2,94,/content/drive/MyDrive/work2/Final/Frames/94/94_frame_6.jpg,2,"(0, 90.0)",
2,94,/content/drive/MyDrive/work2/Final/Frames/94/94_frame_8.jpg,2,"(0, 90.0)",
2,95,/content/drive/MyDrive/work2/Final/Frames/95/95_frame_4.jpg,0,"(0, 84.61538461538461)",
2,95,/content/drive/MyDrive/work2/Final/Frames/95/95_frame_4.jpg,2,"(0, 84.61538461538461)",
2,95,/content/drive/MyDrive/work2/Final/Frames/95/95_frame_7.jpg,0,"(0, 84.61538461538461)",
2,95,/content/drive/MyDrive/work2/Final/Frames/95/95_frame_9.jpg,2,"(0, 84.61538461538461)",
2,95,/content/drive/MyDrive/work2/Final/Frames/95/95_frame_11.jpg,2,"(0, 84.61538461538461)",
2,95,/content/drive/MyDrive/work2/Final/Frames/95/95_frame_16.jpg,2,"(0, 84.61538461538461)",
2,95,/content/drive/MyDrive/work2/Final/Frames/95/95_frame_18.jpg,0,"(0, 84.61538461538461)",
2,95,/content/drive/MyDrive/work2/Final/Frames/95/95_frame_20.jpg,2,"(0, 84.61538461538461)",
2,95,/content/drive/MyDrive/work2/Final/Frames/95/95_frame_21.jpg,2,"(0, 84.61538461538461)",
2,95,/content/drive/MyDrive/work2/Final/Frames/95/95_frame_22.jpg,2,"(0, 84.61538461538461)",
2,95,/content/drive/MyDrive/work2/Final/Frames/95/95_frame_25.jpg,2,"(0, 84.61538461538461)",
2,95,/content/drive/MyDrive/work2/Final/Frames/95/95_frame_9.jpg,2,"(0, 84.61538461538461)",
2,95,/content/drive/MyDrive/work2/Final/Frames/95/95_frame_11.jpg,0,"(0, 84.61538461538461)",
2,95,/content/drive/MyDrive/work2/Final/Frames/95/95_frame_14.jpg,2,"(0, 84.61538461538461)",
2,95,/content/drive/MyDrive/work2/Final/Frames/95/95_frame_18.jpg,2,"(0, 84.61538461538461)",
1,96,/content/drive/MyDrive/work2/Final/Frames/96/96_frame_7.jpg,1,"(0, 81.48148148148148)",
1,96,/content/drive/MyDrive/work2/Final/Frames/96/96_frame_13.jpg,0,"(0, 81.48148148148148)",
1,96,/content/drive/MyDrive/work2/Final/Frames/96/96_frame_14.jpg,1,"(0, 81.48148148148148)",
1,96,/content/drive/MyDrive/work2/Final/Frames/96/96_frame_6.jpg,1,"(0, 81.48148148148148)",
1,97,/content/drive/MyDrive/work2/Final/Frames/97/97_frame_24.jpg,1,"(0, 81.25)",
1,97,/content/drive/MyDrive/work2/Final/Frames/97/97_frame_30.jpg,1,"(0, 81.25)",
1,97,/content/drive/MyDrive/work2/Final/Frames/97/97_frame_32.jpg,1,"(0, 81.25)",
1,98,/content/drive/MyDrive/work2/Final/Frames/98/98_frame_7.jpg,1,"(0, 91.42857142857143)",
1,98,/content/drive/MyDrive/work2/Final/Frames/98/98_frame_8.jpg,1,"(0, 91.42857142857143)",
1,98,/content/drive/MyDrive/work2/Final/Frames/98/98_frame_13.jpg,0,"(0, 91.42857142857143)",
1,98,/content/drive/MyDrive/work2/Final/Frames/98/98_frame_14.jpg,1,"(0, 91.42857142857143)",
1,98,/content/drive/MyDrive/work2/Final/Frames/98/98_frame_18.jpg,1,"(0, 91.42857142857143)",
1,98,/content/drive/MyDrive/work2/Final/Frames/98/98_frame_22.jpg,0,"(0, 91.42857142857143)",
1,98,/content/drive/MyDrive/work2/Final/Frames/98/98_frame_27.jpg,0,"(0, 91.42857142857143)",
1,98,/content/drive/MyDrive/work2/Final/Frames/98/98_frame_33.jpg,1,"(0, 91.42857142857143)",
1,98,/content/drive/MyDrive/work2/Final/Frames/98/98_frame_14.jpg,1,"(0, 91.42857142857143)",
1,98,/content/drive/MyDrive/work2/Final/Frames/98/98_frame_20.jpg,0,"(0, 91.42857142857143)",
1,98,/content/drive/MyDrive/work2/Final/Frames/98/98_frame_34.jpg,1,"(0, 91.42857142857143)",
1,99,/content/drive/MyDrive/work2/Final/Frames/99/99_frame_6.jpg,0,"(0, 58.06451612903226)",
1,99,/content/drive/MyDrive/work2/Final/Frames/99/99_frame_12.jpg,1,"(0, 58.06451612903226)",
1,99,/content/drive/MyDrive/work2/Final/Frames/99/99_frame_19.jpg,1,"(0, 58.06451612903226)",
1,99,/content/drive/MyDrive/work2/Final/Frames/99/99_frame_19.jpg,1,"(0, 58.06451612903226)",
1,99,/content/drive/MyDrive/work2/Final/Frames/99/99_frame_20.jpg,1,"(0, 58.06451612903226)",
1,99,/content/drive/MyDrive/work2/Final/Frames/99/99_frame_21.jpg,1,"(0, 58.06451612903226)",
1,99,/content/drive/MyDrive/work2/Final/Frames/99/99_frame_24.jpg,1,"(0, 58.06451612903226)",
1,99,/content/drive/MyDrive/work2/Final/Frames/99/99_frame_25.jpg,0,"(0, 58.06451612903226)",
1,99,/content/drive/MyDrive/work2/Final/Frames/99/99_frame_25.jpg,1,"(0, 58.06451612903226)",
1,99,/content/drive/MyDrive/work2/Final/Frames/99/99_frame_28.jpg,1,"(0, 58.06451612903226)",
1,99,/content/drive/MyDrive/work2/Final/Frames/99/99_frame_28.jpg,0,"(0, 58.06451612903226)",
1,99,/content/drive/MyDrive/work2/Final/Frames/99/99_frame_4.jpg,1,"(0, 58.06451612903226)",
1,99,/content/drive/MyDrive/work2/Final/Frames/99/99_frame_12.jpg,0,"(0, 58.06451612903226)",
1,99,/content/drive/MyDrive/work2/Final/Frames/99/99_frame_15.jpg,1,"(0, 58.06451612903226)",
1,99,/content/drive/MyDrive/work2/Final/Frames/99/99_frame_16.jpg,1,"(0, 58.06451612903226)",
1,100,/content/drive/MyDrive/work2/Final/Frames/100/100_frame_8.jpg,1,"(0, 62.5)",
1,100,/content/drive/MyDrive/work2/Final/Frames/100/100_frame_9.jpg,0,"(0, 62.5)",
1,100,/content/drive/MyDrive/work2/Final/Frames/100/100_frame_11.jpg,1,"(0, 62.5)",
1,100,/content/drive/MyDrive/work2/Final/Frames/100/100_frame_15.jpg,1,"(0, 62.5)",
1,100,/content/drive/MyDrive/work2/Final/Frames/100/100_frame_16.jpg,0,"(0, 62.5)",
1,100,/content/drive/MyDrive/work2/Final/Frames/100/100_frame_16.jpg,1,"(0, 62.5)",
0,101,/content/drive/MyDrive/work2/Final/Frames/101/101_frame_2.jpg,0,"(0, 18.181818181818183)",
0,101,/content/drive/MyDrive/work2/Final/Frames/101/101_frame_12.jpg,0,"(0, 18.181818181818183)",
0,101,/content/drive/MyDrive/work2/Final/Frames/101/101_frame_21.jpg,0,"(0, 18.181818181818183)",
0,101,/content/drive/MyDrive/work2/Final/Frames/101/101_frame_7.jpg,1,"(0, 18.181818181818183)",
0,101,/content/drive/MyDrive/work2/Final/Frames/101/101_frame_17.jpg,0,"(0, 18.181818181818183)",
2,102,/content/drive/MyDrive/work2/Final/Frames/102/102_frame_17.jpg,2,"(0, 96.7741935483871)",
2,102,/content/drive/MyDrive/work2/Final/Frames/102/102_frame_30.jpg,2,"(0, 96.7741935483871)",
0,103,/content/drive/MyDrive/work2/Final/Frames/103/103_frame_1.jpg,0,"(0, 81.08108108108108)",
0,103,/content/drive/MyDrive/work2/Final/Frames/103/103_frame_3.jpg,0,"(0, 81.08108108108108)",
0,103,/content/drive/MyDrive/work2/Final/Frames/103/103_frame_13.jpg,0,"(0, 81.08108108108108)",
0,103,/content/drive/MyDrive/work2/Final/Frames/103/103_frame_13.jpg,0,"(0, 81.08108108108108)",
0,103,/content/drive/MyDrive/work2/Final/Frames/103/103_frame_17.jpg,0,"(0, 81.08108108108108)",
0,103,/content/drive/MyDrive/work2/Final/Frames/103/103_frame_22.jpg,0,"(0, 81.08108108108108)",
0,103,/content/drive/MyDrive/work2/Final/Frames/103/103_frame_25.jpg,0,"(0, 81.08108108108108)",
0,103,/content/drive/MyDrive/work2/Final/Frames/103/103_frame_28.jpg,1,"(0, 81.08108108108108)",
0,103,/content/drive/MyDrive/work2/Final/Frames/103/103_frame_30.jpg,0,"(0, 81.08108108108108)",
0,103,/content/drive/MyDrive/work2/Final/Frames/103/103_frame_34.jpg,0,"(0, 81.08108108108108)",
0,103,/content/drive/MyDrive/work2/Final/Frames/103/103_frame_35.jpg,0,"(0, 81.08108108108108)",
0,104,/content/drive/MyDrive/work2/Final/Frames/104/104_frame_7.jpg,0,"(0, 81.25)",
0,104,/content/drive/MyDrive/work2/Final/Frames/104/104_frame_10.jpg,0,"(0, 81.25)",
0,104,/content/drive/MyDrive/work2/Final/Frames/104/104_frame_19.jpg,0,"(0, 81.25)",
0,104,/content/drive/MyDrive/work2/Final/Frames/104/104_frame_20.jpg,0,"(0, 81.25)",
0,104,/content/drive/MyDrive/work2/Final/Frames/104/104_frame_23.jpg,1,"(0, 81.25)",
0,104,/content/drive/MyDrive/work2/Final/Frames/104/104_frame_24.jpg,0,"(0, 81.25)",
0,104,/content/drive/MyDrive/work2/Final/Frames/104/104_frame_25.jpg,0,"(0, 81.25)",
0,104,/content/drive/MyDrive/work2/Final/Frames/104/104_frame_21.jpg,0,"(0, 81.25)",
0,105,/content/drive/MyDrive/work2/Final/Frames/105/105_frame_4.jpg,0,"(0, 89.1891891891892)",
0,105,/content/drive/MyDrive/work2/Final/Frames/105/105_frame_5.jpg,0,"(0, 89.1891891891892)",
0,105,/content/drive/MyDrive/work2/Final/Frames/105/105_frame_7.jpg,0,"(0, 89.1891891891892)",
0,105,/content/drive/MyDrive/work2/Final/Frames/105/105_frame_12.jpg,0,"(0, 89.1891891891892)",
0,105,/content/drive/MyDrive/work2/Final/Frames/105/105_frame_15.jpg,0,"(0, 89.1891891891892)",
0,105,/content/drive/MyDrive/work2/Final/Frames/105/105_frame_21.jpg,1,"(0, 89.1891891891892)",
0,105,/content/drive/MyDrive/work2/Final/Frames/105/105_frame_25.jpg,0,"(0, 89.1891891891892)",
0,105,/content/drive/MyDrive/work2/Final/Frames/105/105_frame_26.jpg,0,"(0, 89.1891891891892)",
0,105,/content/drive/MyDrive/work2/Final/Frames/105/105_frame_33.jpg,0,"(0, 89.1891891891892)",
0,105,/content/drive/MyDrive/work2/Final/Frames/105/105_frame_3.jpg,0,"(0, 89.1891891891892)",
0,105,/content/drive/MyDrive/work2/Final/Frames/105/105_frame_31.jpg,0,"(0, 89.1891891891892)",
0,105,/content/drive/MyDrive/work2/Final/Frames/105/105_frame_32.jpg,0,"(0, 89.1891891891892)",
0,106,/content/drive/MyDrive/work2/Final/Frames/106/106_frame_7.jpg,0,"(0, 56.25)",
0,106,/content/drive/MyDrive/work2/Final/Frames/106/106_frame_21.jpg,0,"(0, 56.25)",
0,106,/content/drive/MyDrive/work2/Final/Frames/106/106_frame_23.jpg,0,"(0, 56.25)",
0,106,/content/drive/MyDrive/work2/Final/Frames/106/106_frame_24.jpg,0,"(0, 56.25)",
0,106,/content/drive/MyDrive/work2/Final/Frames/106/106_frame_26.jpg,0,"(0, 56.25)",
0,106,/content/drive/MyDrive/work2/Final/Frames/106/106_frame_27.jpg,1,"(0, 56.25)",
0,106,/content/drive/MyDrive/work2/Final/Frames/106/106_frame_12.jpg,0,"(0, 56.25)",
0,106,/content/drive/MyDrive/work2/Final/Frames/106/106_frame_19.jpg,0,"(0, 56.25)",
0,106,/content/drive/MyDrive/work2/Final/Frames/106/106_frame_29.jpg,0,"(0, 56.25)",
2,107,/content/drive/MyDrive/work2/Final/Frames/107/107_frame_5.jpg,2,"(0, 69.23076923076923)",
2,107,/content/drive/MyDrive/work2/Final/Frames/107/107_frame_6.jpg,0,"(0, 69.23076923076923)",
2,107,/content/drive/MyDrive/work2/Final/Frames/107/107_frame_12.jpg,2,"(0, 69.23076923076923)",
2,107,/content/drive/MyDrive/work2/Final/Frames/107/107_frame_12.jpg,2,"(0, 69.23076923076923)",
2,109,/content/drive/MyDrive/work2/Final/Frames/109/109_frame_6.jpg,2,"(0, 86.48648648648648)",
2,109,/content/drive/MyDrive/work2/Final/Frames/109/109_frame_8.jpg,2,"(0, 86.48648648648648)",
2,109,/content/drive/MyDrive/work2/Final/Frames/109/109_frame_14.jpg,0,"(0, 86.48648648648648)",
2,109,/content/drive/MyDrive/work2/Final/Frames/109/109_frame_15.jpg,2,"(0, 86.48648648648648)",
2,109,/content/drive/MyDrive/work2/Final/Frames/109/109_frame_18.jpg,2,"(0, 86.48648648648648)",
2,109,/content/drive/MyDrive/work2/Final/Frames/109/109_frame_20.jpg,0,"(0, 86.48648648648648)",
2,109,/content/drive/MyDrive/work2/Final/Frames/109/109_frame_32.jpg,2,"(0, 86.48648648648648)",
2,109,/content/drive/MyDrive/work2/Final/Frames/109/109_frame_34.jpg,2,"(0, 86.48648648648648)",
2,109,/content/drive/MyDrive/work2/Final/Frames/109/109_frame_13.jpg,0,"(0, 86.48648648648648)",
2,109,/content/drive/MyDrive/work2/Final/Frames/109/109_frame_24.jpg,2,"(0, 86.48648648648648)",
2,109,/content/drive/MyDrive/work2/Final/Frames/109/109_frame_26.jpg,2,"(0, 86.48648648648648)",
1,110,/content/drive/MyDrive/work2/Final/Frames/110/110_frame_16.jpg,1,"(0, 55.55555555555556)",
1,110,/content/drive/MyDrive/work2/Final/Frames/110/110_frame_13.jpg,0,"(0, 55.55555555555556)",
1,110,/content/drive/MyDrive/work2/Final/Frames/110/110_frame_23.jpg,1,"(0, 55.55555555555556)",
1,110,/content/drive/MyDrive/work2/Final/Frames/110/110_frame_24.jpg,1,"(0, 55.55555555555556)",
1,111,/content/drive/MyDrive/work2/Final/Frames/111/111_frame_6.jpg,1,"(0, 54.54545454545454)",
1,111,/content/drive/MyDrive/work2/Final/Frames/111/111_frame_11.jpg,0,"(0, 54.54545454545454)",
1,111,/content/drive/MyDrive/work2/Final/Frames/111/111_frame_16.jpg,1,"(0, 54.54545454545454)",
1,111,/content/drive/MyDrive/work2/Final/Frames/111/111_frame_19.jpg,0,"(0, 54.54545454545454)",
1,111,/content/drive/MyDrive/work2/Final/Frames/111/111_frame_5.jpg,1,"(0, 54.54545454545454)",
1,111,/content/drive/MyDrive/work2/Final/Frames/111/111_frame_7.jpg,1,"(0, 54.54545454545454)",
1,111,/content/drive/MyDrive/work2/Final/Frames/111/111_frame_10.jpg,1,"(0, 54.54545454545454)",
1,111,/content/drive/MyDrive/work2/Final/Frames/111/111_frame_13.jpg,1,"(0, 54.54545454545454)",
1,111,/content/drive/MyDrive/work2/Final/Frames/111/111_frame_15.jpg,0,"(0, 54.54545454545454)",
1,111,/content/drive/MyDrive/work2/Final/Frames/111/111_frame_21.jpg,1,"(0, 54.54545454545454)",
2,108,/content/drive/MyDrive/work2/Final/Frames/108/108_frame_14.jpg,2,"(0, 53.84615384615385)",
2,108,/content/drive/MyDrive/work2/Final/Frames/108/108_frame_10.jpg,2,"(0, 53.84615384615385)",
2,108,/content/drive/MyDrive/work2/Final/Frames/108/108_frame_16.jpg,2,"(0, 53.84615384615385)",
